monthly_salary,monthly_expenses,current_savings,annual_return_pct,goal_type,goal_cost,months_to_reach
262982.18,95990.19,1735867.46,3.12,property,1268713.82,0
301453.74,204150.48,4272148.27,0.44,car,781003.54,0
212035.01,77588.19,1011853.04,9.1,property,3646398.66,18
190699.44,98575.29,3978601.97,10.62,car,1835906.67,0
149295.2,66180.72,3429775.52,4.71,car,1135840.06,0
156412.16,87023.57,992982.75,0.61,house,8739079.23,108
389783.99,224952.38,5164238.4,11.61,property,7140888.11,9
157421.31,73259.65,262787.1,9.26,house,14800490.53,109
345020.73,300130.16,3147634.3,6.35,house,3695830.31,9
155002.87,116578.45,2610819.84,9.57,car,1640088.21,0
85032.69,66961.21,333469.27,5.31,property,5661214.69,180
103453.77,56337.78,1907638.4,0.78,car,2071100.76,4
172442.62,67203.16,3779126.04,7.94,property,2860084.11,0
269066.69,158044.16,5905783.09,6.42,house,3385009.31,0
303095.81,204100.59,5434002.21,6.0,property,3495503.79,0
103341.89,98022.11,1263729.83,1.27,car,2194426.4,131
78079.7,34822.7,1275162.48,8.35,house,6651860.37,79
398526.12,266003.68,9288002.46,12.05,car,1796623.5,0
63529.66,55961.57,1144872.31,10.76,house,3005954.34,74
185210.8,115244.5,4239768.16,12.26,house,14620489.33,65
309545.64,202631.36,790536.14,8.75,property,4307471.61,29
95586.22,54899.78,370604.67,13.35,property,7388701.21,92
247598.94,159246.58,664759.93,5.08,house,4732606.19,41
111531.21,77002.72,210812.84,10.25,car,2451565.89,50
222428.34,94633.54,3521934.8,13.26,car,883124.58,0
351524.56,212279.62,1786854.48,7.55,property,5674007.24,25
290920.61,171467.26,4689781.92,5.23,property,3886146.06,0
114204.13,44358.66,57652.79,7.75,property,2151630.38,28
46977.37,34230.62,258122.0,12.68,house,2456574.22,88
110441.76,82984.47,567856.57,1.85,property,4821587.37,136
112338.95,71198.6,1097488.55,1.32,property,3732883.87,61
180959.88,114043.59,3166403.42,9.43,property,1238134.03,0
172996.09,95767.44,3577583.45,3.48,car,1479828.66,0
73269.27,33710.67,813514.13,12.24,car,1274887.64,10
347312.66,236240.4,421679.21,13.99,car,2431791.77,16
372019.45,319645.6,1484903.24,6.8,car,2202230.87,12
362928.29,162875.78,18773.95,5.47,house,5350864.59,26
284704.77,224433.68,5352642.36,9.27,house,3589757.14,0
132748.97,123619.25,1845254.14,7.59,property,2852036.07,43
39054.09,24841.26,861739.83,7.44,car,2413713.59,65
50442.36,23278.89,720359.36,9.45,car,1188306.21,14
377806.53,261368.54,5249265.58,0.56,car,1222294.81,0
241795.47,160472.31,5424185.73,2.86,property,2856378.97,0
120933.51,51823.27,1873504.3,6.4,car,320494.01,0
256040.52,176103.69,614382.02,7.53,property,2489003.11,22
374638.56,329126.91,7905804.98,5.17,car,1264006.06,0
226422.83,120346.06,5346404.32,11.3,property,558673.3,0
330499.57,175041.58,5261992.46,13.15,car,881825.03,0
358090.83,284843.35,1335947.3,3.94,car,1878746.81,7
97366.98,71130.74,616879.56,6.84,car,503056.63,0
180958.79,93376.21,15398.97,10.8,property,7848484.65,66
81401.15,50069.95,1378611.42,7.85,car,465536.49,0
355580.43,317304.74,4656029.5,11.68,property,4643938.23,0
183318.95,68762.45,1604340.8,13.06,car,2277634.2,5
99829.08,49886.37,246283.04,10.92,house,14646799.81,139
304801.49,275985.04,1731789.41,2.28,car,2239115.65,16
29418.82,23297.9,234540.09,13.03,property,6980480.21,208
328084.74,167350.59,6199813.47,1.51,car,2188905.15,0
104524.81,87795.82,1154714.62,4.27,car,790431.8,0
270812.61,159530.18,1810781.33,0.97,house,6240472.74,39
213574.16,161827.46,4324421.32,4.64,car,553751.85,0
388752.23,177714.46,8980496.73,3.72,car,1612456.76,0
151361.1,124397.17,1585273.42,13.78,car,1147429.95,0
239103.46,120229.23,4067352.27,0.02,property,5651428.6,14
377299.99,298905.58,1784192.43,6.04,property,7405781.42,56
256799.06,192094.04,768087.92,12.6,property,2819634.97,25
175189.31,103614.0,1243095.11,1.78,house,10476547.36,116
164075.21,131076.52,685285.73,7.97,house,8897152.38,136
20154.26,10523.51,207937.83,8.12,property,2916869.22,146
187878.69,141919.11,2304928.78,11.11,property,1772685.47,0
52222.3,34428.66,793287.11,4.69,car,1780150.48,44
105363.45,49465.82,61765.04,3.43,house,9752198.64,141
312025.95,194470.08,6635945.04,8.06,property,5722656.88,0
207863.32,103181.41,3272889.58,0.08,car,2012524.89,0
103159.63,85876.88,1722960.07,6.5,property,2368987.1,23
342367.81,213595.44,6585101.96,9.35,property,4965892.39,0
381015.05,337143.28,5602314.15,10.07,property,3700555.68,0
364604.8,225161.02,1392713.68,12.06,house,4999085.9,22
113951.1,83480.22,2094367.49,7.3,property,2294343.98,5
187151.59,145627.69,1053260.28,4.7,property,1104332.43,2
77315.65,44829.25,283541.72,3.0,house,7002591.49,165
226192.23,135594.22,1122823.98,5.88,property,7595465.25,59
27422.14,24087.45,378879.92,6.68,house,5531270.81,331
168194.93,148849.97,3373567.73,7.54,property,4595992.32,28
249235.98,120212.3,1312506.41,6.1,car,1155485.85,0
274171.98,227257.15,4765205.74,11.77,car,2457588.35,0
222966.98,199367.56,3167341.06,9.28,car,1714049.23,0
71565.81,44873.12,86367.85,5.31,car,1300338.52,41
148250.21,130131.66,990038.43,13.32,house,4905665.68,83
51124.37,18488.1,661859.0,14.0,house,4526999.24,65
46074.98,42590.39,44517.43,0.43,car,738593.5,192
27744.41,12247.2,84046.23,9.37,property,7608177.67,198
196712.91,99093.39,1741594.67,8.48,property,5887679.21,34
315560.92,141453.17,2355641.44,8.1,house,9273255.83,33
365049.94,209970.95,8248410.79,2.78,property,5679608.12,0
258352.11,106219.09,4789729.6,11.9,property,6541459.73,9
322566.34,222428.7,317940.46,7.46,property,3279281.57,27
212265.1,117751.67,4328046.13,11.51,car,1253751.48,0
157631.45,139495.17,1739265.17,2.14,car,1914349.67,9
386880.02,198101.7,7504227.08,7.53,house,7775795.92,2
333779.15,235476.11,2581885.17,3.44,car,913642.15,0
191304.76,153098.48,2616358.79,9.35,house,1887449.97,0
343362.08,157638.87,1748013.9,11.17,house,5275389.59,17
246538.9,216477.04,3288578.65,7.23,car,488348.52,0
293628.37,188846.12,5342847.68,9.67,property,5838818.05,4
190306.33,68576.12,1343877.44,5.66,car,973653.27,0
240991.12,152777.84,3070739.33,5.96,property,4627913.55,15
153688.0,95631.92,1130982.59,3.23,property,1944382.2,14
65430.8,43937.99,1196896.25,2.59,car,1924930.24,30
125069.86,88018.18,2281898.25,8.36,car,2131782.4,0
132573.66,75106.77,961745.26,9.91,car,903484.92,0
390232.07,266144.28,6531711.25,1.77,house,2884933.23,0
24660.85,12838.53,283332.02,4.77,car,855452.46,41
347454.73,145393.22,544893.25,6.88,property,5220842.8,22
40371.45,17744.0,545343.59,4.25,car,560593.44,1
310488.51,221623.78,5892382.59,3.16,property,3352835.2,0
365231.66,192992.75,5158752.37,6.0,property,5157704.91,0
251659.75,199831.32,5723287.43,2.91,car,882221.48,0
50851.24,25116.4,673667.72,2.19,house,7581800.01,211
245648.25,128905.29,1364681.59,9.9,property,6947050.49,38
47048.31,23056.23,298724.35,11.08,property,5458872.82,112
374794.01,226781.63,4898369.28,9.07,house,12659520.66,37
47135.74,21190.04,347988.24,10.49,property,7408943.97,132
186878.31,117961.1,1363873.15,5.64,house,8256374.39,77
207642.18,82696.64,198642.73,6.05,house,9650134.15,64
29828.66,14537.14,482721.99,12.05,property,7630897.08,152
399837.52,301225.17,2586254.88,0.56,car,1335101.81,0
267573.61,240720.9,1165480.93,8.19,property,6606837.08,107
388240.99,245370.73,3804899.23,4.49,car,2187012.81,0
145325.39,111348.93,1005248.74,13.23,property,775228.48,0
53462.72,26808.31,148739.62,10.82,property,6686954.02,127
20437.41,17813.66,226598.35,0.76,property,3213345.19,824
307448.4,222975.49,5607788.96,2.85,property,1482599.22,0
129451.08,113723.8,1505915.12,0.4,property,5066537.5,212
110933.04,49368.18,1466549.84,7.73,car,794341.45,0
339734.16,142034.93,7721973.24,9.07,car,1396426.11,0
292309.26,191557.04,1918191.13,11.69,house,4790367.23,22
229480.73,133133.61,5077223.41,7.12,car,2200859.26,0
124974.01,102979.05,1244568.48,13.08,property,2503794.97,31
20974.8,16478.44,421581.33,8.12,property,4172302.6,222
76466.26,51473.14,633368.08,7.73,property,3329075.41,73
374483.86,326460.43,8814822.41,3.34,house,4653093.02,0
314706.9,118389.08,5624732.4,9.87,house,6712063.16,5
272201.76,229315.97,6407530.05,6.93,car,577741.79,0
386834.36,212448.2,931787.45,11.83,car,1457092.39,3
193632.67,151704.67,1905246.1,9.17,car,464622.15,0
316979.61,161346.95,4741452.53,5.56,car,2173883.64,0
343889.71,297672.76,3136351.7,4.43,property,7155790.12,63
205420.04,138578.34,3044125.2,3.29,property,7406968.24,54
399021.85,318443.31,4155938.4,1.38,property,5779181.22,19
58192.75,26176.2,418242.12,0.41,house,12247936.78,347
131479.75,75588.32,459347.55,7.44,property,5613502.79,71
88421.62,40235.52,1293413.98,5.36,property,2306223.44,19
366875.03,159910.05,4060425.28,3.56,house,10502349.68,29
361585.24,227492.06,2496080.77,7.65,car,1271805.52,0
151314.94,106305.25,2320343.27,5.94,house,7667283.47,78
134806.23,128015.25,2760838.56,1.49,house,9220956.35,467
238428.53,225461.65,1689394.46,13.69,property,3468543.06,44
23077.23,20055.04,431070.57,13.63,property,6088791.16,196
336478.78,300058.64,6264489.12,3.22,house,4456561.28,0
92250.16,46159.77,1672851.02,10.74,property,6787528.38,63
258734.28,230801.9,4013531.32,4.33,house,1950421.17,0
158647.27,68035.42,3463439.23,4.57,house,3871140.95,4
70220.72,47303.81,1637248.82,7.43,house,12711380.36,182
117648.63,99391.2,1360529.71,11.29,property,7027977.19,107
325608.36,205458.5,588434.44,10.56,car,2192309.31,13
295202.35,276889.57,6852967.27,11.26,house,2719088.82,0
169938.33,86443.41,504059.13,5.16,property,5542555.98,53
242132.83,204227.03,5464212.99,1.52,car,1337249.11,0
255427.81,233946.71,2010766.23,8.54,property,974127.81,0
333065.03,298303.9,2415575.53,5.72,car,399762.98,0
34140.61,32350.15,95146.17,3.29,property,1517480.37,390
192384.63,144729.36,3431249.65,13.24,house,9429094.66,53
296107.68,260944.38,4654257.64,11.67,property,3560869.14,0
381578.18,141042.66,3393267.53,6.21,car,2181990.43,0
57754.76,43974.94,754691.85,13.69,house,2317426.2,52
124834.95,116211.86,2843273.09,11.54,car,1758091.22,0
263847.7,186880.05,135242.77,11.02,car,2475405.99,27
319051.68,150950.8,6354114.56,7.76,property,2119635.14,0
350484.26,191762.46,1241170.03,12.61,car,910004.66,0
393930.69,371286.13,5107378.75,11.18,car,1754326.81,0
29796.46,10694.43,564929.86,3.33,house,1713044.63,52
120839.65,51484.35,1220849.46,1.59,car,1347741.12,2
315646.47,207677.32,826140.33,7.05,property,825237.78,0
317626.26,276394.73,3975038.36,6.41,car,433815.9,0
202013.13,119383.77,3326416.8,6.86,house,2492124.66,0
50700.38,36249.68,79922.74,3.85,property,4890235.16,224
290618.06,168134.94,4166708.73,4.13,property,5040700.94,7
57687.82,44481.21,1180698.0,9.11,property,5906299.37,128
101708.77,63154.32,557755.18,4.75,house,6882857.49,122
297252.75,159781.98,2229563.8,3.57,car,1811006.28,0
200221.8,81036.74,410203.32,6.05,property,6040969.99,42
328472.33,224616.75,4623301.23,7.86,house,10545179.07,39
176107.28,153946.72,3977755.72,5.92,property,885845.6,0
129299.17,69494.34,321491.22,7.1,car,1744819.87,22
105213.05,43656.16,2134663.58,5.15,house,9250350.06,84
326744.12,280050.13,7642256.95,11.46,property,5562325.33,0
231561.11,165658.11,3655875.06,9.71,car,696915.36,0
287025.53,153670.83,2340920.48,0.09,car,1545906.41,0
172298.05,74971.15,2618263.29,0.43,property,4478620.16,19
162953.87,101387.86,615610.83,4.36,house,11987280.87,138
235685.55,94503.83,297579.37,2.2,property,873218.69,5
51000.98,31409.86,519004.06,8.5,house,5187752.4,126
306878.39,128364.32,3166348.94,3.97,property,4948506.88,10
220234.96,117837.08,1165580.86,13.78,car,316911.59,0
134539.36,64140.35,443123.58,3.58,house,3119788.64,36
209006.42,127158.05,648015.4,7.46,car,1400577.16,9
336674.6,280692.38,582383.73,12.06,car,1259683.11,11
194706.62,77243.53,1462919.42,6.01,house,11078235.98,66
178723.7,74903.82,89461.48,4.55,property,3950726.76,35
282051.82,159954.86,2956208.41,1.48,house,9449762.39,51
219105.77,128715.88,1631590.7,4.75,house,12018091.23,90
49024.16,35784.44,624298.98,2.71,house,6239846.42,277
384124.87,283202.13,1361552.15,1.44,house,4163169.34,27
248911.61,200654.91,3915931.35,2.48,property,4205877.69,6
306689.41,247169.06,3304187.76,12.94,property,5322438.73,20
394882.14,214786.25,9202078.12,4.43,house,2421864.49,0
188039.06,99978.92,1239585.11,0.79,property,1056429.92,0
195462.14,72822.23,1729781.81,4.02,property,6981875.25,39
345011.48,248064.99,4198661.25,6.48,property,7656736.08,27
300790.0,112680.03,6562395.22,8.0,car,1007358.88,0
200739.03,88428.88,298091.2,1.45,house,14762205.34,120
52045.07,38392.41,48891.71,9.91,house,8574925.47,219
251726.05,143065.68,5545646.55,5.42,house,10665119.23,36
39898.9,29067.62,320451.35,4.62,property,5587845.09,257
127975.85,100363.81,2016584.33,12.69,car,1033396.48,0
241441.02,104992.32,2027066.07,13.55,property,5466013.68,20
69001.63,53496.99,140298.0,7.82,property,6437464.68,193
329010.22,247438.66,6545663.33,10.34,property,7343359.89,6
55512.13,41760.31,677454.66,0.26,house,3933549.46,229
101393.21,93139.9,1183309.69,3.17,car,640879.38,0
132401.0,108949.09,1613247.0,7.56,property,7127616.24,114
34344.05,18959.93,631634.51,1.83,house,3582412.28,160
88721.47,67934.68,1330269.41,12.64,property,3782550.54,53
176126.27,133119.36,1004047.41,6.22,house,11657280.73,148
317844.14,155871.33,1824439.31,13.52,house,13703653.56,50
93726.15,70949.2,1283117.09,6.17,house,12004674.5,207
211104.54,126915.31,821069.2,2.8,property,1537989.01,9
115001.22,84492.25,2412588.37,7.76,car,1865082.15,0
216045.57,91777.6,434900.38,2.24,house,13721633.82,97
75992.49,46544.15,1726087.19,3.11,house,13442501.95,248
373579.33,223750.91,3554568.19,5.24,house,14926092.24,61
162466.82,59611.11,3629479.7,11.75,property,3014677.67,0
75498.74,28159.66,1662294.05,6.61,car,1969450.54,6
198261.85,142591.7,4310327.52,0.27,car,2136918.82,0
228545.61,179714.76,2894876.7,1.56,house,4708143.06,34
66302.37,32691.29,1016736.36,8.72,car,543887.37,0
363955.82,257696.52,143561.81,7.22,car,1880797.52,16
130683.36,45861.83,1106572.41,7.99,car,1761616.86,7
52533.3,49107.75,85330.04,7.36,property,6398092.52,390
212896.58,77111.27,4462302.71,0.61,house,14744032.2,74
116387.1,41869.72,2202565.38,4.83,property,5428283.0,37
59392.27,41523.63,1078581.09,1.87,house,8871185.56,311
329133.37,149773.28,6154603.84,6.5,property,4088983.79,0
89265.64,38465.59,1534037.28,13.21,car,945573.66,0
36646.38,17212.14,36856.83,13.07,property,3486680.42,99
329854.31,209140.78,289908.46,9.06,house,6319151.38,42
316719.8,275381.2,2523050.85,1.74,house,7398843.67,101
172008.27,105585.9,3948534.09,4.75,car,1391647.1,0
209058.89,189111.8,2605421.59,11.22,property,3683747.46,23
183630.72,173909.11,795296.5,4.11,car,476151.6,0
271149.3,144765.94,3921610.44,5.97,property,3829312.86,0
189909.27,149285.52,4154943.94,8.61,house,5206497.36,15
392410.37,360524.13,706726.34,8.93,house,8426661.26,127
304961.23,136010.28,227920.36,11.88,property,6359839.77,31
33223.61,12968.5,620762.13,5.13,house,14317806.01,298
32306.42,14281.47,348849.33,5.19,house,11801640.37,293
238090.28,158967.15,2274432.86,9.09,car,2413144.11,2
29847.07,13778.27,370876.3,12.79,car,875908.69,23
118910.11,73458.37,2843469.31,4.0,house,4202407.6,24
71576.8,28232.12,296596.56,9.99,car,2083129.08,34
387673.27,365166.82,6213687.25,9.93,property,4566285.21,0
358706.04,308780.34,6127925.39,12.98,property,1805682.57,0
157367.03,76251.4,3720657.18,11.09,car,2038820.73,0
29987.93,20464.15,265509.17,11.25,property,1473284.22,72
356013.65,138649.11,3402009.31,10.04,house,8596891.34,20
312282.53,263567.59,552745.42,13.61,property,1056237.65,9
197016.62,130112.93,606817.22,11.61,property,5298454.47,51
89145.99,82884.27,925588.47,12.75,car,2129059.77,56
216878.81,115482.49,843052.84,13.09,car,1061250.78,2
377543.54,334864.34,7665043.36,3.51,property,7672637.2,1
124291.39,90112.93,1832835.51,1.31,property,1764769.26,0
377810.66,167187.47,5973031.17,10.09,property,3032146.9,0
371093.3,139054.81,7693041.82,1.14,property,6282667.77,0
120569.24,57449.44,1655571.61,8.65,car,1395683.73,0
258322.32,135310.01,5930978.28,6.76,property,3545693.95,0
192346.77,146792.93,729750.32,5.82,house,4254310.68,62
250530.9,134672.76,4319330.4,10.28,house,14667550.73,54
69691.14,39885.92,939410.69,4.47,house,3154045.77,60
190846.48,82927.87,231788.21,13.24,property,3636010.58,27
385820.62,343915.29,7532556.72,13.07,property,2845361.91,0
309986.12,201168.38,3829381.37,6.98,house,8214498.69,31
54218.66,31769.17,594970.34,3.37,property,3146713.17,93
39205.35,25363.38,830218.35,9.16,house,5357603.15,132
23107.41,9577.98,74277.37,3.7,house,11812066.32,419
159056.19,93898.66,2176963.87,2.73,property,2664512.73,7
166812.55,103459.25,2201353.56,11.55,property,5602989.8,35
65148.19,60916.79,615890.71,11.13,house,9030729.82,237
158930.42,69382.73,2297992.58,5.62,car,399667.38,0
72073.82,39627.95,819469.24,6.4,property,7198487.69,124
73116.77,66450.08,558957.32,5.5,property,6044895.2,288
133709.05,73783.87,2657994.89,7.45,property,4721931.95,26
200459.19,72161.73,1593600.48,1.53,house,9379978.91,58
322766.83,253434.75,5329864.03,0.37,house,5084660.9,0
269124.57,251156.23,3736359.73,3.19,car,1583751.21,0
84794.58,61680.86,1261205.75,11.78,car,2107654.84,22
112034.69,77700.78,1883583.48,2.67,house,5734848.53,91
77543.88,59266.8,763734.14,10.85,house,13283039.07,190
299618.16,116062.72,992928.5,2.9,house,14974658.72,70
201780.97,116244.98,4632982.32,6.44,property,3067452.63,0
154629.06,125743.4,2675421.22,9.01,property,2482716.37,0
203988.44,188567.41,1365937.9,4.18,house,11910852.63,299
287862.36,219968.28,3378373.89,6.72,property,7502752.81,43
322254.04,165662.59,942586.14,9.47,house,13592766.23,61
169922.33,94660.47,3152661.47,2.05,car,932786.75,0
291373.69,162533.52,3093522.23,3.59,house,4388821.91,10
334621.65,171553.7,4513521.49,3.8,car,1654489.48,0
242995.59,120398.2,3906400.78,7.43,property,2246274.2,0
58075.22,31835.45,658439.11,9.54,car,311399.18,0
229133.97,207929.87,2237671.72,13.09,house,7945555.03,80
95793.27,88929.53,738376.91,9.04,car,1735057.21,63
108243.68,85860.17,2209036.33,0.52,car,1219346.96,0
338289.86,307963.38,295041.66,11.71,house,4015207.03,77
304621.22,266048.38,2116266.78,0.52,house,9167485.23,172
60774.26,57115.43,415056.59,13.85,property,4432389.01,163
357918.79,154091.18,4331212.51,3.82,car,1027505.01,0
297825.31,220084.33,5136401.35,0.2,house,12175363.47,89
235756.86,189635.67,992979.14,11.99,house,12664362.64,114
215806.65,86763.48,3466316.74,2.59,car,1350399.02,0
375613.65,133004.07,3457818.62,6.25,house,14379470.11,39
134739.42,105599.26,36980.26,9.15,property,2272269.33,61
273758.72,172259.12,1049372.98,9.61,property,6273807.86,41
282310.34,206997.51,6373227.98,5.15,car,782082.92,0
70756.14,31267.94,1269763.89,8.48,house,10976199.81,126
366862.82,295108.23,7061331.42,11.56,car,1796752.22,0
246409.5,202652.69,3107755.94,7.39,house,2554386.75,0
234384.11,90719.5,3080646.82,7.08,property,4524951.19,9
82524.12,71192.87,875100.06,9.52,property,4873607.59,128
54557.82,35802.22,1058891.55,6.35,property,3615684.3,84
234286.25,160551.29,3782885.39,4.31,car,1171087.16,0
330252.23,263370.43,4583725.98,0.63,house,10955195.85,90
225642.13,87132.47,4842560.55,13.81,house,1928420.76,0
175369.44,142291.82,3223266.44,13.7,property,7728369.25,49
162295.15,143598.78,1747089.63,12.84,house,6571214.71,82
279437.53,208760.94,3616817.67,9.15,house,3101547.76,0
397281.77,232741.64,1214224.25,13.7,car,1963594.71,5
391826.46,245989.57,6762241.11,5.94,house,12615365.9,31
114054.57,63607.76,754538.7,13.12,property,6241174.47,65
32242.58,24056.79,475841.05,13.11,car,829465.85,24
45570.54,32189.5,488269.48,9.41,car,838415.13,19
36809.96,22578.41,476844.85,10.56,car,608298.27,7
397523.71,194984.15,8742949.11,8.07,property,4984382.56,0
275562.12,149464.64,1995716.36,2.01,property,4409382.91,19
177152.88,91250.09,2366981.21,8.28,property,7336832.49,43
257877.39,156356.31,3067425.51,13.61,property,5535068.94,17
318605.75,172442.39,3183442.09,2.09,house,3982366.21,6
224412.74,110990.26,1213684.5,12.01,car,2072707.55,7
367601.65,252700.98,8538235.1,7.8,car,1154521.91,0
116898.35,64078.74,221836.87,6.3,house,2748263.95,42
295342.19,137124.12,1902912.8,9.43,property,796606.66,0
47658.04,39689.16,672074.15,9.4,car,1354667.25,44
350400.06,192642.45,8048154.84,0.21,car,2416570.62,0
64580.16,61334.56,742290.84,3.4,property,5778264.37,460
170720.18,84267.24,1317748.15,3.96,house,8704276.72,73
156518.63,79345.08,1926368.23,6.96,car,2066196.57,2
294517.16,237668.68,2263540.72,2.84,house,7088057.3,72
233759.4,112850.73,818659.33,3.65,property,4843571.95,32
178679.67,78877.58,1414565.27,5.32,car,1398463.26,0
268751.03,204494.8,1659763.93,11.5,property,5312708.41,38
206426.32,93085.92,3938492.9,2.37,property,4599097.47,6
89938.15,79471.04,2137628.9,13.4,property,753678.18,0
341745.01,313418.74,5480623.79,10.7,house,3356135.66,0
259666.63,101472.72,941216.61,3.06,house,6538209.35,34
254777.39,191096.5,3769804.64,6.76,house,1712378.85,0
222240.74,132633.97,89213.56,10.11,property,7831095.11,65
26514.19,22216.09,428914.46,11.29,car,535436.14,13
56599.28,24866.24,260717.18,7.37,house,5108883.95,105
170820.64,98022.17,1664588.69,7.91,property,2193929.39,7
279935.82,240386.56,4392097.04,12.02,car,505701.11,0
164120.33,111867.84,221030.45,0.13,car,481909.47,5
341225.32,251464.07,2712910.15,13.68,car,2268540.67,0
369277.84,180155.85,7987683.2,9.69,property,4066252.16,0
37693.55,14874.21,837325.83,12.59,property,5435819.3,89
88154.71,75835.67,33128.04,2.9,car,1954959.83,132
290830.33,171292.55,537018.15,2.27,car,1546731.02,9
342788.12,259223.57,4447161.13,5.37,property,1549629.46,0
395621.62,310364.43,4754987.55,13.64,car,514908.73,0
108214.72,42810.93,1571716.01,8.59,property,3475272.87,23
313950.87,115463.4,2059470.19,13.9,house,4579868.26,11
230154.34,132397.71,1025960.89,8.2,house,2656870.59,15
255074.04,211413.81,4365491.36,1.15,car,1135999.98,0
317878.31,140682.17,2972456.97,5.05,car,311429.49,0
137141.63,77615.38,887909.05,1.86,car,1248154.94,6
231654.31,152304.49,574278.05,1.25,property,1197981.95,8
247256.64,134670.36,2286063.22,4.09,house,12018782.93,72
295440.66,202590.14,7039028.79,3.4,property,1771871.93,0
164678.17,71355.72,1190153.89,6.9,car,667856.28,0
124865.51,66160.16,2345473.64,5.06,car,1885978.8,0
208404.93,150051.81,2290094.87,1.9,car,2387411.62,2
146242.54,105603.98,2822164.45,4.61,house,7313318.98,76
332943.39,246585.24,4749580.66,4.21,property,7604591.92,27
96323.57,51871.2,2229870.41,13.56,house,11420803.93,82
260502.94,242439.1,4888958.85,4.56,house,12522675.96,154
169315.35,70830.15,2291245.1,8.29,property,1849454.09,0
311694.8,114126.95,5440047.06,13.2,car,1264600.9,0
130705.86,100081.63,2569046.35,11.14,house,10585198.31,94
72888.07,38754.55,442019.51,2.16,house,12152536.3,263
48106.75,45433.0,553306.19,5.61,property,7426218.16,421
350460.82,210620.09,309233.98,13.56,property,7216261.37,39
224024.27,164189.23,456912.39,10.77,property,5485204.15,60
83208.63,59711.07,1124754.9,9.03,property,3497133.1,60
306019.46,284423.68,3161466.51,0.15,house,4497014.57,61
303804.15,208043.88,5013967.24,3.09,house,6780311.28,16
313490.05,220431.77,3765385.01,4.83,car,1362096.39,0
132264.24,119345.8,272532.48,11.64,property,1562563.83,62
138518.33,86324.57,687718.0,6.76,house,2817910.92,35
294357.7,182933.98,474558.82,0.63,property,1363139.5,8
342688.4,253172.01,5569147.12,2.3,property,2329347.1,0
86292.23,38493.36,1159454.73,13.42,car,2055062.73,14
259308.92,119757.2,4090699.33,5.54,property,5105802.03,7
94983.29,66993.79,886389.6,9.87,car,912358.63,1
287428.7,237877.38,3982712.62,11.19,property,1902198.77,0
143874.27,89853.83,905901.66,12.08,property,7744373.0,74
139093.56,81117.08,1310408.25,1.6,house,12914490.34,173
254597.82,213414.83,4313834.31,4.16,property,4926262.74,11
275401.83,148141.8,1576880.78,1.64,house,10861393.31,69
214113.45,128670.08,708461.83,5.37,car,1370674.47,8
224204.12,202119.25,5007975.41,2.43,car,1377212.46,0
73312.68,39497.06,793538.19,0.75,house,14349866.33,354
204151.39,95354.44,1881185.69,7.86,property,4212273.86,19
280184.73,167936.64,5647796.68,6.84,car,1543875.16,0
322434.74,155515.98,253008.76,3.15,house,3770821.2,21
193782.13,154155.8,3562116.49,7.7,car,1559970.92,0
121797.79,82318.7,2896527.57,7.59,car,1972009.09,0
187719.3,90316.48,1915433.77,10.3,property,6135091.21,33
133129.4,126418.02,1436942.28,4.88,car,1265953.79,0
397703.92,324279.42,2261625.0,11.35,property,5668501.9,32
347198.5,248648.67,3567815.12,8.63,car,2089765.7,0
326067.39,225653.18,4165425.82,8.36,car,1012037.95,0
287540.43,150556.15,1844926.56,12.01,property,6613856.79,27
71523.78,57223.07,706534.07,0.83,house,13205142.47,666
68217.5,59325.17,408776.6,9.96,car,1975241.89,88
276969.13,178278.17,3838297.12,3.76,house,6564826.43,24
48696.18,40260.02,898601.47,5.64,property,2586692.66,104
375807.72,214752.58,8570707.73,4.58,car,2211597.08,0
341923.58,138781.65,7977626.69,8.89,property,3186670.47,0
44065.66,29552.84,230371.68,6.02,car,1388372.88,64
142688.76,74220.39,1874281.44,1.83,house,12142099.32,131
359778.77,290468.26,396702.94,8.77,house,1719798.26,18
373184.49,165988.77,4088771.73,13.89,house,4231295.79,1
281664.92,120875.89,4393953.74,2.23,house,2760089.79,0
156965.45,62700.21,2503318.12,9.08,car,1171951.45,0
136093.51,104746.39,764770.99,9.18,property,1213877.58,12
101100.05,40112.78,1440504.6,7.27,house,1625373.79,3
284326.9,238910.06,6743016.55,5.91,car,1350940.53,0
106999.81,43184.98,2069693.47,1.44,house,13393351.43,156
72109.13,58702.33,1303429.33,1.86,property,1571398.0,18
221593.15,78684.37,3456960.56,6.16,property,2097915.89,0
304342.16,274497.29,4499949.67,6.19,car,490713.67,0
58176.74,46626.76,823187.76,5.38,house,5745799.52,201
73135.47,37751.11,147877.67,7.75,property,5908847.29,110
128269.91,117337.15,82578.34,11.86,house,4273517.2,154
250632.21,116089.81,2356450.15,9.05,car,1388752.98,0
62842.59,40831.94,895778.06,7.4,car,2471141.57,50
374891.27,160899.48,7745079.78,7.96,house,8875808.99,5
85652.72,54184.66,2029694.52,1.02,property,1006494.27,0
119630.41,44729.34,173613.94,11.05,property,2648658.5,29
290799.05,235624.58,2956206.61,5.63,property,4524236.12,22
254097.88,131236.64,1889920.39,7.16,car,2443489.45,5
79043.31,43161.61,1112494.43,10.69,property,5607917.64,71
45123.73,34709.42,790522.7,11.85,car,837855.46,3
371358.55,155819.06,5457159.54,0.77,property,6062701.32,3
301450.11,127111.2,5121521.16,9.82,car,1392108.45,0
151747.95,100204.29,2995529.53,3.63,house,3213563.2,4
316827.11,161980.62,6740165.49,10.8,car,1037024.26,0
183143.34,121664.41,1155779.43,13.65,property,1078025.23,0
192975.16,109238.28,2313895.65,7.94,house,3623684.74,13
313865.0,278260.49,5077987.46,1.61,property,4316186.64,0
36734.4,31876.54,215602.85,6.6,house,13923058.36,474
88005.15,81510.84,74692.24,11.24,property,6054993.71,234
179360.34,97407.23,1791838.16,10.08,house,12650959.44,80
237183.67,100006.25,3832844.68,0.74,car,2069543.64,0
392937.27,362464.06,650010.39,6.51,house,11942620.97,191
138065.15,55478.9,1513457.55,5.16,house,9111391.0,73
135485.54,98041.47,1508528.56,8.28,house,14970126.07,157
314836.66,248556.62,4129845.32,11.14,car,314031.34,0
175813.72,86113.32,1461744.95,11.75,car,2392178.58,9
20555.58,15301.21,418843.36,10.18,car,751427.62,33
393583.98,236894.07,9079369.05,13.62,car,1865635.44,0
55350.12,49968.13,1191959.32,7.28,property,7216834.55,226
194214.05,155126.46,2707051.59,7.08,property,6649721.69,60
48435.58,33454.09,505647.59,13.5,car,941687.25,20
343347.21,310943.87,3238060.86,11.65,house,5793779.21,34
123343.23,48697.44,600077.53,10.92,property,1317296.25,9
60149.95,37277.33,453338.04,1.69,house,14522568.75,435
98901.77,52910.92,629034.05,1.68,car,2076713.19,31
135601.69,104796.09,1963412.13,3.01,house,3502371.26,41
290239.81,270224.87,2760142.03,0.69,house,5012251.7,102
396457.12,146153.62,3847780.22,6.33,property,4625906.69,3
55995.61,23022.28,1066796.57,1.7,car,2126819.13,31
393375.55,168533.55,7776311.59,5.21,property,7531811.74,0
51934.98,36441.28,1143519.27,1.05,car,735050.74,0
265475.02,221825.4,586032.74,11.86,house,3154123.4,43
378066.65,143809.98,8385201.28,6.06,property,3462490.16,0
31203.27,23712.23,129411.61,3.01,car,904959.89,89
189484.34,83217.52,2792725.96,8.64,property,2713288.72,0
176557.04,120131.74,258390.81,3.92,car,1222316.61,17
264207.96,218848.41,1579843.68,13.92,property,6461346.83,56
395973.37,324361.38,3412772.01,7.62,house,6144460.62,27
234947.42,127567.68,1524916.02,0.36,property,2142651.41,6
360390.62,294483.45,506777.51,13.88,property,3180746.7,32
241915.79,118455.83,926778.28,3.47,car,886359.4,0
330188.36,297286.97,443049.3,13.95,car,1566522.64,26
393412.56,229380.58,8830123.22,13.88,car,687420.81,0
245157.41,204394.14,4104679.77,12.8,car,1847596.34,0
153639.22,106101.83,523979.63,13.28,house,8818682.12,91
86711.57,32324.19,116889.93,8.42,car,1458186.73,23
20259.73,18248.7,97958.73,1.83,property,1830949.04,525
324921.29,282983.78,464424.01,2.07,property,7379181.11,143
314259.27,269599.42,6491360.59,13.45,house,11011263.13,33
271613.03,190566.42,2193944.94,4.52,car,1911174.46,0
186009.99,136449.41,2174977.64,4.44,property,7765571.72,84
283552.95,257269.61,5355692.29,3.13,property,6608406.77,30
163785.96,129455.93,1157707.04,2.49,car,2387333.83,33
380505.3,222580.71,9079920.04,13.51,car,700579.86,0
140922.43,117710.27,2067775.57,8.96,car,2360713.15,8
73444.48,58550.38,419507.69,13.75,car,1699610.89,49
385970.26,325371.8,6206629.35,10.21,house,7529504.11,12
120780.73,60357.09,196519.27,3.59,car,1884909.89,27
38296.03,23472.87,385705.3,2.33,house,8156606.91,350
163910.78,111068.3,399005.62,6.71,property,5382271.72,74
281120.95,125828.03,497310.09,11.84,house,1771052.98,8
119228.53,49221.71,978078.94,12.43,car,1910367.19,12
227877.58,202554.57,509195.29,8.32,property,7199196.29,139
287711.77,175157.2,4513404.73,8.5,house,3620900.99,0
58477.97,27679.39,266637.44,9.76,property,7441802.0,126
225247.66,168115.56,1607731.23,1.34,house,9218892.41,121
339144.71,149954.18,2936957.29,5.99,house,12622613.65,43
257534.56,164357.8,599459.48,2.9,property,2688586.0,22
51135.72,43785.54,378428.93,5.56,house,13580846.03,442
120701.67,88730.19,1122604.09,5.19,house,6486922.48,114
189394.6,96208.21,2113907.21,3.17,house,9117328.94,66
77429.66,59456.88,179703.62,9.35,property,3604899.9,112
307453.62,149578.54,449992.16,5.42,property,3639740.56,20
223495.48,194471.55,2546906.47,12.34,house,5534503.47,44
170025.66,146623.99,141713.64,8.0,property,6503377.53,152
277463.26,200373.94,800971.22,10.6,car,2387935.26,18
83522.62,39851.49,386327.7,0.6,car,2474215.86,48
185449.43,175873.11,2791649.89,11.68,house,5816618.1,61
296299.14,247233.84,618867.75,7.79,property,2945951.04,39
124956.31,78084.49,2619482.91,11.01,property,4906820.66,29
317040.55,132368.01,1138624.4,7.93,property,6187830.41,25
377066.99,341229.38,5092067.37,1.41,house,13210916.11,175
354451.6,310760.53,2246967.62,9.17,property,5067216.14,40
34236.95,17640.54,118201.86,8.52,property,3512899.24,123
170401.24,149505.72,2823945.65,0.69,house,13931272.27,435
360871.92,130686.06,7079319.03,4.24,house,12878428.68,22
346129.22,263373.6,8078628.05,3.19,house,14651962.23,59
188382.03,159275.88,1218093.21,5.83,property,1169651.38,0
187852.31,168702.58,1835709.4,6.78,property,7003917.28,123
331986.61,218832.9,1266641.33,4.36,property,3525388.56,19
316596.24,210400.91,4320948.33,2.43,car,2141348.69,0
114806.3,71624.11,2529497.99,9.86,house,6472751.02,51
196403.02,115517.45,4351066.39,9.54,car,1119426.88,0
245736.57,112191.08,5133814.93,8.22,house,6147361.55,6
338308.43,170912.05,6746169.49,1.27,car,1150444.48,0
81904.81,56789.1,1896753.54,12.0,property,2188340.31,7
98557.77,73026.62,1214108.55,12.1,property,566734.9,0
366375.87,270540.34,5285853.67,0.12,house,9712642.42,46
378341.89,294215.41,6441208.86,3.86,house,12996413.34,58
194419.25,93501.16,1409827.71,7.29,property,3478644.05,18
58878.6,38677.84,935965.47,11.81,house,9079671.08,135
245633.57,127632.71,4034756.14,6.74,house,14842873.04,65
263426.0,228362.67,1651029.27,9.96,property,2740933.34,21
76973.13,62293.17,1662041.52,11.28,property,3530738.2,49
141442.58,61380.1,86411.02,6.96,house,5002254.68,53
179054.96,104382.77,151777.03,9.91,property,6620110.26,65
150403.48,117017.15,2477391.16,8.94,house,13738107.82,130
275310.02,180159.83,5586057.35,11.77,property,1858518.93,0
57089.16,24363.74,354389.23,11.32,car,2383231.44,46
361844.64,268727.82,1930109.8,3.13,house,7176379.67,51
357000.55,204564.69,5017177.43,6.49,car,1335180.45,0
349229.48,244511.19,7914665.81,1.0,car,1401050.22,0
349649.15,202447.39,2503676.03,0.76,car,602203.57,0
96112.7,57236.57,1313446.05,12.69,house,3433526.06,34
347709.7,159325.47,674374.34,4.66,car,989510.96,2
42045.16,26119.8,211284.38,10.83,property,6233628.02,156
206039.29,166508.9,435359.43,8.6,property,3720572.92,62
183029.67,116487.43,20510.18,7.47,property,3298260.54,44
25349.31,13772.98,506922.42,2.67,property,530928.75,2
298769.23,145129.97,6288388.2,4.37,car,1143811.05,0
243694.86,109714.38,4818396.19,4.17,house,7655005.21,19
217709.6,144661.62,2265913.98,9.61,car,1054012.25,0
362525.83,205026.68,1639423.33,13.27,house,1758183.9,1
105242.12,99025.23,533426.57,0.31,property,1767385.56,190
159304.75,117937.17,142852.12,12.27,house,11911870.46,132
256791.22,181385.62,295579.28,1.51,car,406117.12,2
64000.13,39461.75,189842.41,3.54,property,1648453.24,54
284172.97,206931.01,2053659.78,9.26,property,4402319.26,24
256663.16,197742.49,2579931.33,12.58,property,5890746.68,33
64739.14,27087.34,165106.1,2.78,car,2011509.62,47
335969.55,313752.5,2886020.14,5.74,car,386692.56,0
208614.79,99012.0,4671924.97,4.63,car,328048.68,0
53821.08,22403.48,741636.51,6.92,car,2014957.69,33
48518.32,38045.44,1053561.04,9.02,house,14846990.07,253
132488.43,83277.78,317364.63,2.45,car,2174947.11,36
156881.57,118611.87,1603939.15,1.62,car,321279.12,0
72589.89,53594.51,572578.86,12.52,property,2512320.49,58
298565.82,171249.38,2455806.97,1.59,house,14491184.06,88
123296.57,71688.24,2517237.4,11.2,property,7145929.15,49
83375.92,35810.54,1453564.62,13.74,car,528168.83,0
366266.17,234265.64,5001233.54,6.13,property,3348130.84,0
156267.59,57395.48,2567029.41,11.74,car,1362775.24,0
205486.66,181353.55,2173331.48,0.89,property,2856784.59,27
287735.91,217746.26,5300293.73,8.07,property,2179886.89,0
383189.34,334863.86,4773923.16,9.64,property,1214316.04,0
271451.04,135493.75,2252497.39,9.47,house,3506835.11,8
334046.37,295710.25,4913800.84,0.16,car,1412248.66,0
198329.8,128418.73,787308.39,10.52,house,4752039.53,43
388655.12,147770.73,2077344.72,9.01,house,12530894.63,36
49955.63,30798.31,687031.65,1.23,house,7535419.62,296
65108.6,42217.98,1020964.9,1.44,house,1983731.09,40
228657.54,193340.3,4345133.24,13.48,property,2784484.69,0
213168.34,101065.4,3435289.87,13.3,house,12641698.37,48
330303.7,282935.0,2631642.88,10.74,property,4048502.61,19
269723.54,210262.47,738114.81,10.63,car,304833.29,0
154952.81,113146.03,2974769.39,7.67,house,10978296.72,96
37395.68,16771.71,126052.63,10.04,property,3569080.68,102
116629.94,54530.66,337981.83,11.93,car,1305501.22,14
316939.75,247236.06,819725.98,5.8,property,6780996.78,69
243748.22,198237.28,2635432.66,9.22,property,1509770.11,0
209554.88,140028.47,244282.01,13.09,property,4121989.73,43
213166.5,192424.84,906566.97,8.1,property,6614331.16,133
59350.51,44187.23,863422.76,4.51,house,7151974.07,221
251417.6,192462.52,1497878.44,5.57,house,14601637.27,142
192081.37,82599.43,1902737.16,9.8,property,4342209.67,19
340368.28,231002.37,2564286.69,10.32,property,5244374.63,19
96337.85,69796.83,671851.3,4.83,property,1495037.96,27
289950.65,271135.08,1237365.78,7.59,property,2917860.48,54
63854.0,35843.97,736164.94,7.99,property,5825927.24,107
276212.52,244812.57,3539295.39,12.28,house,12412114.52,84
218637.39,79838.35,762572.49,9.38,car,887352.19,1
318502.23,299430.14,5223872.3,2.05,car,1819308.67,0
132153.42,106007.7,102465.57,11.4,car,1655439.43,46
276699.89,190129.07,1489579.87,9.06,house,4707538.88,30
318036.73,263745.65,2195511.74,9.3,house,6731987.76,52
383546.75,358805.54,2878018.03,7.73,car,1936073.93,0
97173.14,84667.93,2006690.9,6.2,car,2305270.03,13
287759.05,212532.91,5214937.75,7.65,property,1973518.11,0
295467.52,137717.0,3182645.55,13.77,car,711348.48,0
86042.15,56642.25,778918.72,6.0,property,2481796.96,46
81152.96,69597.47,10994.87,6.53,car,387869.3,30
372878.73,264045.94,6923561.11,8.76,property,2758661.14,0
320165.11,217743.04,560013.31,9.91,property,2149715.12,15
89870.26,35130.81,1089530.24,5.82,property,3525628.0,38
152773.12,134446.16,2432152.28,4.63,house,4449011.36,65
306009.16,204505.72,7319477.82,11.53,property,566027.72,0
274196.62,169289.09,5952236.87,8.59,property,2328703.73,0
35153.35,30984.03,321756.63,11.15,car,1148927.06,79
225290.18,117082.72,4927560.82,11.51,house,8443172.34,21
213319.53,136968.8,1517643.69,9.12,house,8437578.45,62
380320.49,171310.38,8728594.48,7.53,car,1679252.77,0
100096.96,72841.43,512116.39,9.6,car,752275.05,8
334924.49,293789.85,5959311.82,6.09,car,1943159.82,0
78426.74,49058.68,624368.53,1.23,car,691582.76,3
115725.04,45394.91,2281966.29,12.75,house,6738440.15,39
259482.56,158236.36,105189.88,9.43,property,544241.96,5
293708.56,113942.05,5258212.85,0.64,car,1086940.31,0
211078.04,110584.2,3474574.17,8.49,house,11831202.25,55
186316.94,109380.7,2954493.99,6.64,property,2148992.94,0
303766.49,251537.56,6192953.74,4.13,property,1580566.53,0
277369.84,249217.17,5292330.48,10.21,house,14424787.26,86
24237.08,21204.05,82235.75,0.58,property,4974911.66,1179
224117.78,205782.17,1638880.9,10.48,property,3078887.37,38
176808.71,130406.84,2174970.72,2.25,car,1657146.83,0
116041.88,48595.27,1868676.85,7.94,car,2173052.99,4
374300.55,354308.34,4143643.65,7.7,house,10567750.86,100
115261.29,53994.22,1606084.95,13.32,house,3230904.48,19
269079.73,110329.96,4000779.35,12.6,house,8059126.61,19
144771.51,107949.36,2409431.53,2.13,property,3233700.77,20
140206.6,85103.22,16259.08,3.45,car,1866838.08,33
263518.65,135977.7,2273550.34,9.51,house,13351458.7,60
195882.38,110721.53,1436077.04,7.72,car,1720213.53,3
51150.0,26514.6,1014542.32,12.48,car,879116.23,0
356807.62,141252.08,645678.69,0.26,property,5237198.71,22
328804.11,229288.41,6069988.96,2.98,car,1513506.8,0
226518.34,215019.57,2566564.91,10.85,house,6798727.67,83
358746.27,252471.44,7380106.56,1.87,property,4328089.95,0
170778.36,111228.01,2716107.49,11.87,property,5631212.43,30
307738.31,133626.87,1175972.1,7.93,property,5445599.8,22
387739.51,306915.94,4499361.09,5.02,car,1975239.23,0
108064.96,54963.38,606941.26,9.36,property,7307945.69,83
157275.52,99367.39,1716102.82,0.65,property,2930533.33,21
287419.78,190508.65,5722967.99,11.69,house,9311524.37,22
236660.86,136315.65,2149932.41,8.23,car,1436658.37,0
163004.94,145782.72,2020107.59,4.94,house,8072631.1,166
203201.83,144786.71,2447380.7,1.95,car,805979.69,0
215525.68,111746.99,777136.0,2.2,property,5879770.31,47
64965.48,31716.66,1264757.35,10.08,house,10615597.26,123
202028.04,142323.61,3138348.38,5.75,car,394917.53,0
237924.87,106275.68,3594799.84,0.55,property,1601488.25,0
83209.72,75177.33,1031748.65,5.68,property,5282170.3,199
353833.41,278390.68,6974509.29,13.26,car,1288247.4,0
397254.81,345763.22,1626203.42,11.63,property,1570341.03,0
241405.53,195657.75,3610722.28,7.15,car,1893210.96,0
150215.08,93446.11,2129194.24,3.22,house,3284878.18,19
26293.8,17449.27,573839.57,9.58,car,1632124.24,62
87420.43,77888.54,1258463.52,12.29,property,4274969.06,86
64656.23,41337.61,202237.73,8.45,car,2273331.7,67
314450.76,232548.61,3939772.92,5.19,car,1834814.18,0
183003.38,167091.78,2117525.3,10.76,house,9452149.16,119
301729.74,243472.83,5045217.63,1.37,car,859939.66,0
311026.38,278695.56,625667.49,8.38,property,3564850.29,64
91827.99,71211.62,1739785.82,8.09,car,1443476.06,0
162511.36,76908.7,3136939.08,5.72,car,640512.88,0
267598.86,134382.7,5490980.32,5.93,house,9760389.14,26
396883.5,233555.02,1940223.66,7.73,property,4118508.18,12
160680.93,109736.53,978653.46,4.29,house,11951625.54,153
171289.31,74141.05,3551158.35,1.67,car,1282508.73,0
285738.35,127747.06,1470693.96,5.61,house,12311525.4,58
253329.64,192717.65,316476.39,5.45,property,539679.75,4
54613.66,23876.93,1213552.87,6.1,car,878802.4,0
160917.35,115123.06,2798010.43,13.03,house,9788535.47,65
217982.11,169364.14,3125719.87,13.24,car,1708640.89,0
186809.38,87991.77,2945091.2,11.25,house,4129077.68,10
317904.59,208649.91,5328969.01,8.61,property,770458.5,0
110917.52,38840.25,419121.17,13.96,house,6267223.46,55
170154.38,119388.5,2114308.57,10.32,car,2322190.33,3
228845.21,179799.84,3070812.7,8.16,house,14504383.48,111
125072.98,89279.35,583916.31,13.02,property,534885.89,0
86513.22,56557.4,1159894.59,7.04,house,14284708.78,194
325118.05,300417.41,6836164.01,11.38,property,2376061.19,0
188252.08,108479.92,2185064.05,3.41,house,14476722.79,121
194362.4,121754.88,2737368.29,0.38,car,867203.48,0
165415.83,136169.26,874913.42,9.82,house,7067750.62,108
154176.58,103512.79,2593195.4,3.69,house,2755627.31,3
276005.21,232574.36,503624.41,13.04,house,5737282.52,72
103055.13,71543.71,452085.02,10.45,car,1397798.55,25
95873.28,75860.45,2008144.56,2.89,car,2136869.06,6
337807.19,190393.68,6315144.46,1.68,car,1786786.67,0
272101.15,195449.22,4990841.49,7.58,car,2165623.31,0
161054.68,86848.76,3471519.02,12.33,property,7015766.27,28
206506.03,194247.18,4539862.49,3.92,car,1950372.65,0
68733.46,45738.08,698072.21,13.16,car,1405445.47,21
169612.43,129211.29,711559.54,13.67,property,4386538.55,55
139947.48,49688.52,2264136.6,5.31,car,1015959.64,0
252855.68,127899.58,3328976.87,3.32,house,14440112.03,75
150376.65,69225.62,1530026.69,5.87,house,6428552.81,50
172225.19,106854.95,2361867.49,13.71,property,2214250.62,0
57950.5,29668.89,327960.67,6.05,house,4146853.39,99
324014.23,256983.86,3678108.68,0.14,house,8244570.65,68
398313.47,342403.78,4942340.25,10.09,house,5550461.46,7
233612.61,161356.4,2233721.01,9.67,car,774028.11,0
116630.08,99530.13,269560.72,10.42,house,6372987.28,153
232933.01,211760.97,1440726.98,0.28,car,1072399.08,0
278242.62,198483.16,3852127.26,9.1,property,1809041.27,0
316517.46,178220.04,5113854.86,6.82,property,3851975.88,0
49794.86,35762.58,554219.26,13.39,car,1709277.44,45
372855.33,224865.28,5479274.42,5.67,car,474046.24,0
150577.69,81024.23,2359900.82,9.95,property,5334832.2,30
123074.28,75929.33,2548542.85,5.08,property,4407017.69,31
191109.69,86074.06,3917955.85,1.75,car,1756449.61,0
377366.19,290729.76,725129.4,2.34,car,510218.18,0
375981.59,238339.05,485696.97,10.79,property,6237472.79,35
51635.46,26203.52,192423.9,9.17,house,5676503.82,124
114010.68,59343.15,1714211.69,1.84,car,362856.84,0
272148.67,235740.97,2124074.55,6.67,property,7511431.79,88
228447.2,98476.5,5200296.12,7.55,property,4981881.49,0
259798.06,190045.05,3516529.79,7.33,property,4503380.98,11
365390.8,233481.43,1991775.45,1.25,house,6438074.85,33
118726.68,63179.66,263.14,11.42,car,1056546.82,18
198295.22,70392.87,4388297.38,13.26,house,5544741.99,7
311030.3,257775.34,4456470.11,11.15,property,3302329.07,0
176459.63,121110.0,1671787.34,2.29,property,5344930.99,60
334802.21,161493.67,636470.24,8.75,property,6234037.21,29
365782.67,305262.09,6010309.34,3.99,property,4489582.0,0
122152.37,56532.16,200712.82,1.91,car,1701163.96,23
254737.18,130751.62,3807324.96,2.63,car,634728.47,0
388492.16,141130.86,9065846.32,3.95,car,1873431.07,0
296300.69,145094.39,1071544.37,6.91,house,7173280.87,36
318575.63,206767.51,2839633.41,9.76,car,1026547.02,0
340547.59,313639.71,458009.36,10.86,car,1495022.29,30
89009.42,78988.69,534226.28,5.34,car,568315.42,3
311895.35,155753.5,5772998.38,6.2,property,7959015.57,12
95688.35,75708.02,215781.76,9.32,car,1340216.2,44
278948.08,149869.21,2162828.56,8.81,car,1938394.07,0
228840.38,96864.68,2642994.3,4.18,house,13481514.28,69
348189.91,167365.47,943693.21,8.86,house,1703414.02,5
321868.35,225571.17,3057555.96,3.4,car,1578369.45,0
282485.54,215548.87,1050791.57,10.79,car,646936.6,0
54732.59,39472.43,1222746.35,13.96,property,950392.52,0
155096.72,68607.2,1996479.35,1.5,house,4641107.52,30
393036.77,323523.15,7137838.81,11.28,house,11398049.23,28
28114.08,16212.3,488779.52,3.51,car,1367664.69,61
186250.0,98121.86,3115758.88,2.66,car,1495965.2,0
142998.73,90237.47,2977789.05,8.38,property,1702575.57,0
221832.22,137454.02,4362562.54,7.58,house,1509717.69,0
262449.9,151545.44,1168642.96,0.26,house,11976223.67,97
110738.89,86664.49,1749557.78,7.55,house,4063237.61,56
279625.19,226339.94,1034377.29,3.96,house,10152203.05,130
61976.37,41147.37,99181.79,11.69,car,693005.36,25
31884.03,13207.42,146628.24,0.45,property,6772246.45,333
270010.08,179689.77,4544684.49,3.58,house,4479757.59,0
292781.17,104772.23,6471882.48,9.18,car,1329730.12,0
262788.35,148884.22,4689053.08,12.47,house,12222369.29,39
42154.01,30357.63,535208.38,10.28,house,2552127.56,85
102042.02,67520.31,247901.19,3.23,house,4057715.58,96
219952.97,109813.24,3301010.44,2.5,property,4686062.05,12
303521.18,245782.36,4199982.81,9.44,property,5489317.66,14
355473.13,159993.33,1539026.92,5.62,house,10376680.39,40
222882.18,158235.08,4993559.21,12.63,property,7935972.43,23
143368.56,82154.73,2629440.32,6.03,property,2925881.9,4
111474.57,75510.17,1003439.89,7.7,property,2405668.45,31
385427.67,238386.97,3673192.6,10.17,house,9542798.16,30
216691.56,205000.44,1569756.91,4.2,car,772610.19,0
139663.78,113534.62,3162036.75,11.51,property,4334536.16,20
236853.92,164131.97,535974.61,6.45,car,604498.03,1
159491.5,111531.36,891854.07,11.36,car,1555071.75,12
236244.68,113506.68,437723.01,4.55,house,3834183.63,27
333767.99,254917.66,4615870.85,12.71,property,5316909.67,6
34201.21,28558.17,313184.1,10.92,house,6197057.79,220
330513.85,198279.56,6883924.65,12.18,car,1944893.05,0
342801.7,310986.93,5215141.89,8.85,car,970523.46,0
35649.26,24026.1,127977.99,7.03,car,637034.46,37
275981.39,261746.38,6431736.92,10.54,property,4285470.1,0
104392.54,54688.1,987943.6,1.85,car,1346880.24,7
303219.71,205853.27,1910706.11,5.58,house,11946639.34,79
69542.57,29967.45,933477.4,6.83,property,4784980.12,71
233243.69,221172.69,2934659.71,3.39,house,11986420.63,289
142896.42,129247.36,307266.12,9.4,house,6431113.2,178
92386.1,51432.72,1453218.28,10.78,car,2472834.22,18
254163.98,239955.07,2697453.11,2.04,car,2333269.06,0
108726.05,82763.96,407047.4,10.2,car,547217.83,5
40724.45,37440.61,905773.26,12.16,house,1685399.45,49
283642.19,118212.64,3063754.74,0.32,car,1928028.57,0
100512.62,68132.93,1810083.87,7.68,property,5974426.88,75
73712.02,56703.2,32530.91,8.16,property,4450993.18,149
117073.41,45198.07,563908.13,9.75,house,2216650.86,20
268807.99,95426.97,2507302.11,3.8,property,3201643.57,4
60998.74,32054.68,1293274.37,5.41,house,8365294.48,145
289681.74,258489.75,3369546.65,8.36,car,710118.25,0
210247.31,131360.79,4674302.22,0.3,car,2328994.25,0
135872.46,87496.39,2427412.74,0.26,property,3139348.12,15
257587.77,126661.79,6047610.19,7.02,car,1676743.2,0
353897.36,312930.65,6921031.78,0.41,property,7618373.14,17
105721.43,58682.97,996775.25,1.92,property,3366553.41,47
385030.16,276247.22,5780300.14,3.18,car,1560376.82,0
182056.7,97842.67,2645075.06,6.29,car,754866.0,0
72659.08,49031.24,1395237.54,12.08,house,10795183.21,126
361484.4,323795.18,3731076.88,12.73,car,1743709.86,0
234640.83,104374.99,381886.63,7.46,property,1387904.68,8
140687.08,123492.71,2454976.78,10.72,house,14476148.53,149
135272.28,107861.49,2667672.76,8.92,property,2553471.23,0
316061.0,130869.12,1401387.88,10.67,property,5127098.79,18
250129.71,179447.36,3580020.71,3.23,car,1090374.94,0
281493.69,179019.1,3393628.82,8.47,property,5371764.15,15
89911.06,52371.05,1022497.91,2.29,car,370905.02,0
310524.76,111481.05,2011147.44,5.78,property,5535043.15,17
97076.76,45891.8,412564.27,13.37,house,13206241.54,115
206178.3,112354.26,2264060.07,3.45,house,11978898.71,86
251013.38,212005.18,4338721.64,5.52,property,4789508.38,8
223740.57,164412.69,3780924.98,0.54,car,1293541.1,0
334263.84,125499.21,7988930.12,7.26,house,14781713.69,25
34915.62,20336.21,641184.69,13.48,car,940594.6,13
171255.16,91233.19,3401624.81,6.46,house,5474666.29,21
369232.47,282083.19,8007993.42,6.49,property,3887735.66,0
294605.78,123116.63,5506048.71,13.13,property,4598053.28,0
169365.35,92147.72,101261.97,6.35,property,7218461.8,75
355368.41,143607.15,2763982.54,9.08,property,6473646.67,16
292982.39,124261.61,802759.61,6.29,house,2651638.34,11
288766.07,227006.02,6758452.58,8.57,car,1133092.99,0
164630.66,133508.26,3604434.73,7.92,property,6970043.59,52
81607.16,35643.1,1506448.78,0.72,house,5678497.12,87
312079.56,192788.69,4692075.12,1.65,car,2412954.53,0
21342.5,17271.15,6253.06,6.97,house,8837265.65,450
22185.21,19514.59,126657.14,8.24,house,7625469.53,401
187912.64,133555.14,29643.7,12.35,house,9866841.52,103
231868.49,195964.0,272225.47,2.08,property,3117648.75,74
75242.28,27798.96,1043928.31,8.45,house,13925193.43,140
38631.92,23185.88,165265.85,9.41,property,5456934.58,160
285941.79,198263.33,3857998.9,13.53,property,4842247.19,8
373962.33,151782.25,2686196.69,5.16,house,12573574.02,39
308207.96,263821.63,480256.05,6.59,car,1828162.76,27
124279.05,82798.63,1564860.73,9.74,property,936384.4,0
237119.49,222325.6,3010165.27,1.23,property,5664907.09,139
374878.84,353048.54,2583850.61,8.52,house,5005410.53,51
238554.22,172700.49,5307957.59,8.6,house,8516028.3,28
260105.89,167899.05,1123078.34,8.53,property,2678660.48,15
93551.07,39377.92,1043773.12,11.15,property,6860523.41,67
323834.45,307445.91,3217938.87,4.67,property,6545326.38,96
100688.41,73942.65,1667441.38,3.56,car,977099.61,0
212542.06,115698.18,31275.63,9.6,house,6846665.9,56
236190.19,218728.1,4716488.07,2.72,house,13950776.83,246
202061.14,128248.26,172438.58,1.9,car,1679841.07,21
358982.16,241300.82,2887161.34,10.98,house,14025164.69,59
41288.47,27359.55,559814.79,9.49,property,4519141.07,127
99139.74,75474.68,1902377.38,12.43,house,2393876.06,11
76735.86,65566.46,624603.69,5.25,property,6818043.31,248
236973.02,138330.58,3385065.99,12.1,house,11021093.48,46
139509.77,51475.89,1385732.37,6.96,car,1117483.87,0
335193.84,178181.41,4224250.2,2.45,house,12096743.77,46
315560.35,283377.08,3360900.18,0.35,house,13716903.31,299
78549.56,43521.92,911436.15,12.23,house,11969698.32,125
74452.12,65002.61,1469038.9,13.13,property,7945402.58,123
97971.1,36438.54,911338.67,12.11,car,309041.71,0
374288.19,285294.21,5338435.76,1.22,house,13504009.33,83
59179.08,47917.78,1058909.74,0.31,house,10124486.5,715
99741.36,46911.68,685982.89,7.45,house,10560174.57,118
123608.6,54943.73,339558.93,13.42,property,4355454.96,44
98499.4,55178.47,752893.78,1.98,property,6530021.29,118
238151.52,107826.67,1779720.93,12.49,property,3827357.29,13
69428.12,43909.21,1125561.93,1.48,car,489463.08,0
168928.37,130548.95,3613482.8,8.81,property,5745241.25,30
254199.83,136623.36,4987046.66,9.98,property,6569748.67,10
49847.33,45045.56,914513.03,7.95,car,2088272.24,82
369481.84,233130.31,4039921.82,9.58,property,6248701.21,13
198807.43,182598.46,685750.53,12.54,house,13823631.74,186
168989.23,130082.63,2697800.64,11.04,house,7619321.41,59
31500.37,20009.05,265692.38,6.46,car,920966.21,45
152473.87,105939.9,1858777.21,5.68,property,6475683.3,71
143830.5,106387.23,2735417.66,7.46,house,9472235.42,93
110658.61,54910.42,422327.14,6.75,car,1049571.15,11
329287.97,232010.41,6198363.73,6.09,house,8851112.88,20
109738.64,82037.03,205152.62,13.03,property,6775611.45,113
63442.69,44894.92,495428.65,1.37,house,3878349.03,162
383235.71,150138.18,1000195.85,11.4,house,5920011.28,19
265095.86,102562.76,1384511.55,1.94,property,7274420.04,35
261730.47,91634.61,921659.91,2.09,property,2686274.4,11
253917.42,156996.09,1253306.02,12.28,house,9198731.51,55
367017.62,195521.33,8309278.62,6.09,house,14868904.96,29
241436.25,173084.31,2957635.88,11.87,house,2342542.54,0
362408.76,337308.23,7334.99,7.84,house,2980927.28,88
127239.51,46914.59,1318350.49,8.26,property,2885954.82,17
165460.05,95791.28,2164689.21,9.27,house,3377429.69,14
231060.2,197786.75,1997956.6,5.84,house,14965656.58,187
274625.11,118244.36,472878.05,0.22,property,7136665.12,43
270012.14,252457.31,879866.41,1.92,house,13112062.29,444
359561.34,275867.8,8028092.94,8.73,house,8377101.34,3
229779.01,142469.3,1959411.46,2.6,property,555724.94,0
209299.65,165042.82,3577165.36,3.77,property,4822642.65,22
32715.51,12193.69,379448.76,5.16,property,4111496.82,127
282388.96,122910.5,4956218.93,13.77,house,7776640.42,13
49729.15,43958.05,105560.68,6.61,property,5478027.04,316
274112.51,208447.33,3547216.87,8.11,property,895807.04,0
150547.54,123014.85,1694089.16,7.18,house,9248531.57,133
145975.32,82001.45,3425493.6,4.12,car,377717.73,0
370688.52,296422.99,6467521.58,7.89,car,1684460.12,0
239693.61,166279.29,3775576.44,4.08,property,5182377.54,16
128989.95,51532.27,1565203.59,11.92,house,4902688.16,31
254003.15,130844.71,1566421.49,10.38,property,1809603.86,2
244872.65,107910.81,2624955.45,11.31,house,12064124.02,47
109754.43,50320.82,1389198.38,0.46,car,2428160.39,18
246306.75,207645.03,4951440.97,10.54,house,11899965.15,64
110420.03,67810.15,1689624.28,2.95,property,6813747.76,98
40643.8,20672.95,799412.48,0.74,house,6883054.84,274
134519.51,107304.91,2429189.42,7.46,house,10727384.44,129
168226.78,85387.73,2141629.79,6.09,house,14017504.1,99
190551.84,144266.04,4398375.69,9.56,car,514201.51,0
221891.47,124768.88,4495907.97,8.55,property,6937667.55,18
147287.61,75153.9,347398.89,9.16,house,7724966.01,74
276610.63,136943.89,4460444.94,10.79,property,3030549.52,0
282305.76,129281.92,3710260.35,9.42,car,326315.1,0
57125.53,23555.39,611392.42,3.07,house,4900597.45,107
32935.87,23767.79,44962.93,8.32,car,2391075.71,145
262471.5,203374.74,755773.72,11.99,car,1127108.57,6
310265.95,229206.96,5980935.18,2.59,car,1830437.99,0
116267.58,73268.73,2612342.96,8.94,house,11886348.25,101
283044.17,212438.1,5231468.72,3.6,car,910032.46,0
43707.2,25488.04,1044733.55,3.62,house,3902048.07,113
46371.42,43480.31,223327.5,5.5,property,4190429.71,379
74671.59,60575.41,391374.4,9.01,house,11157904.29,234
59249.1,23329.44,812439.68,3.51,house,1753324.71,24
209126.52,155113.16,4354.73,0.53,house,5096892.5,93
286020.98,255351.1,3944619.97,7.22,house,7954882.25,62
173486.85,136475.24,3382059.38,0.98,car,307276.19,0
382579.03,321667.09,4426283.38,7.94,house,6001436.12,17
135074.67,51749.38,3232117.89,9.06,house,8717455.0,44
385151.7,153395.93,4248741.07,10.73,property,2023403.54,0
230700.68,214668.78,3658363.27,4.18,house,13602219.42,228
259634.48,146838.01,528797.45,8.86,property,1920983.72,12
33565.35,12258.7,802655.1,3.34,house,2350400.52,61
225409.78,120512.75,2888527.38,11.68,house,14548750.89,64
26238.95,14525.12,212673.15,10.09,house,3095525.97,123
326699.41,245151.92,3593983.85,9.49,property,1617152.22,0
240151.37,217310.45,212549.34,1.98,property,642972.55,19
364727.97,262977.35,2124314.77,9.08,car,678947.82,0
38984.04,20833.16,742596.45,6.39,car,2137774.75,55
44303.89,37236.64,121406.51,8.33,property,2154293.93,149
325692.34,197280.61,6343348.43,13.75,property,3515064.58,0
65904.93,50117.6,863435.94,4.5,car,1981301.34,54
245372.4,135274.35,711062.64,1.98,house,3768686.52,27
160572.39,72097.59,938942.34,8.15,car,519929.27,0
341999.35,245372.53,6383034.59,0.22,house,2589755.2,0
22745.12,20599.85,385797.92,8.31,house,7119000.27,344
326816.49,265877.51,5430578.79,2.89,property,2532123.11,0
191159.27,94347.09,800799.53,9.68,property,1850003.5,10
209957.3,193198.27,3160403.21,10.96,house,7153609.25,65
231929.95,107880.3,5491749.83,13.68,property,3214259.78,0
309228.73,208368.74,1627355.53,10.78,property,2060815.27,4
40166.23,16773.72,143844.02,11.81,house,8216450.31,147
80708.65,72928.64,104651.89,5.1,car,1256277.61,111
147031.96,122491.18,2676245.21,0.61,property,893424.35,0
224197.04,99728.98,156392.1,7.21,car,2269174.18,17
294133.17,207547.42,2301102.49,2.78,property,7237795.68,51
107424.03,44696.96,587262.41,3.32,house,13243465.09,158
162702.31,78487.21,1839148.85,6.78,house,3456707.17,17
372597.1,232125.96,3463635.59,1.91,property,1956161.92,0
156264.27,79978.67,1259707.55,0.45,property,947387.9,0
71870.57,61879.9,790999.89,2.4,house,4468023.12,247
132161.37,58689.28,2520260.53,13.34,car,1571867.18,0
230047.14,112221.91,2273028.51,7.3,car,1601477.92,0
338055.83,174944.75,5922882.19,10.31,car,845229.18,0
185014.51,89444.15,4118332.85,13.25,property,7236888.46,20
178753.3,67306.79,4252641.94,10.27,property,752154.16,0
221826.26,141427.9,4248509.7,11.5,house,8186348.09,29
51574.78,41355.09,857989.57,5.69,car,591966.4,0
132400.36,97788.81,288302.86,6.72,house,3684338.25,76
194527.48,134657.46,2724910.31,13.67,house,11919772.61,68
352195.63,208928.16,6676434.97,5.19,house,11002677.85,24
20518.19,14904.06,189528.59,9.67,property,745356.32,61
181842.86,93080.56,4128976.96,7.59,car,2032922.06,0
50764.44,44596.98,896411.55,0.77,property,3229928.92,313
39593.78,22955.4,442201.9,0.57,house,3866109.94,195
232340.37,90660.04,3955383.73,2.87,house,4721541.52,6
63151.92,40233.84,1423415.84,8.12,property,2073454.82,19
303106.35,147086.1,2565819.53,3.74,property,3671968.44,7
40694.8,23346.13,441858.25,7.02,car,1334360.47,40
222123.7,187745.04,4794946.32,6.33,house,12298702.21,97
379238.82,316769.67,8563599.92,0.92,house,2678668.13,0
168459.35,77034.29,3874254.46,1.08,car,907074.02,0
284891.2,184551.73,5982668.34,7.29,property,670177.01,0
178283.93,135396.31,3986663.19,6.63,house,7492110.7,48
264980.09,139090.72,400328.79,12.21,car,2136884.54,13
217455.78,119932.61,3020223.92,9.18,house,8063003.29,37
273025.03,182407.95,3593896.5,6.41,property,1489656.89,0
319952.34,144951.94,1996559.86,6.78,house,11891621.45,47
37981.2,21340.59,415599.24,2.33,car,1865986.78,78
128393.7,119909.91,2586357.61,9.7,property,6458429.6,91
81276.79,34148.48,1938496.4,8.04,house,5015497.16,45
90108.7,61949.04,75018.93,4.44,house,3497246.9,100
190403.06,178080.06,2438574.01,1.7,car,1190037.13,0
209778.43,91721.49,2306089.57,4.48,car,2434330.36,2
227535.32,148909.45,3534500.69,4.14,house,14589675.02,102
306581.43,290160.76,4906929.45,11.19,property,7301605.91,34
188000.1,143535.86,3301163.84,12.6,car,1791618.34,0
64412.92,23502.81,954633.43,3.09,house,2748495.27,40
40912.78,30062.2,572875.28,3.11,house,4142161.59,217
51764.03,44500.03,841140.7,13.41,property,3458177.1,92
206376.84,146920.32,2533758.64,0.78,property,3207986.52,11
76219.46,65722.7,676151.89,5.22,house,6156422.88,236
137072.43,84621.07,1845651.81,3.02,house,11510623.63,142
177931.71,109517.44,699443.92,10.19,house,11336174.46,95
177393.64,151016.43,2545679.79,2.01,house,7907277.26,154
349659.81,329373.6,554832.76,13.44,house,2694051.76,58
175595.04,157797.84,1746878.54,7.78,property,4759372.43,80
367651.4,172632.38,7343766.67,4.05,house,2070144.34,0
333974.36,284129.06,2435990.62,7.83,house,4531022.99,30
320663.43,141866.11,2310080.43,8.97,property,4044058.77,9
268448.93,237741.57,2687646.93,6.89,property,5335893.84,50
30808.18,24918.61,364559.55,13.59,property,6091741.8,179
240804.99,165997.66,5018448.78,8.79,house,14652493.1,68
330946.7,189937.37,5821674.99,0.25,house,3698437.64,0
42233.95,22882.72,890275.37,1.9,car,416354.32,0
157242.11,115061.64,3604579.23,0.68,house,8649766.45,111
375800.47,247396.92,6912706.23,2.57,car,1617277.47,0
83511.65,45393.94,633774.12,11.83,house,5164696.14,72
285227.65,161870.57,3658354.93,4.92,car,328374.86,0
216904.88,124461.87,2524247.2,4.76,car,525319.29,0
78730.87,38000.88,356021.21,12.56,property,5672396.22,78
381948.18,327574.74,6531745.91,9.83,car,1218161.77,0
368091.84,154576.26,1159331.67,0.24,house,5706241.79,22
157776.05,132567.11,3369060.46,8.37,house,3824796.65,10
135780.02,108172.7,386474.11,1.8,property,1567695.02,41
106098.28,45113.68,331582.39,1.1,property,6222677.66,93
62454.43,22563.78,725852.77,6.04,car,537198.24,0
321360.97,211483.64,457092.82,1.66,house,2084300.2,15
134625.41,47948.65,311804.07,1.73,property,2040508.9,20
362446.45,167040.37,3057891.1,1.27,property,7563837.35,23
380540.81,212608.88,1466366.85,7.01,property,5097173.22,20
211865.51,82839.88,4167410.65,10.69,property,2127485.57,0
92788.06,48167.59,2007919.37,7.52,property,1240142.89,0
101325.85,66116.85,1721135.65,5.13,property,1888443.34,4
275939.77,114347.98,5528125.3,13.74,house,4392699.01,0
106470.6,44473.55,2515975.47,1.73,car,1443400.68,0
208410.09,118116.47,1441887.33,10.11,car,1021853.9,0
63974.59,33277.46,921832.15,4.37,house,4549291.3,91
174767.24,164452.03,1795048.33,11.99,house,14177607.02,170
159627.73,57094.29,2582746.96,9.41,house,7413787.73,35
270248.34,108370.54,929876.29,5.61,property,7831781.41,39
301744.22,267181.41,1221870.09,5.09,car,1044989.62,0
246085.12,232401.99,725038.61,11.73,property,4243325.84,101
310630.46,251481.24,4425738.39,10.59,property,7574187.94,29
155316.98,116488.7,3541744.52,13.83,property,2591679.75,0
311839.83,129358.02,1876202.01,6.96,property,7568022.53,28
31294.94,24806.84,623629.83,6.97,car,2438559.61,124
165400.53,125294.64,606305.37,8.71,car,1972377.18,28
271210.63,179533.12,3203675.65,6.52,house,10438258.65,57
206295.14,104591.46,1701269.7,12.04,property,632527.94,0
310306.66,293061.97,6554612.67,1.67,house,5746549.17,0
163007.89,102009.32,128553.75,7.79,house,13443453.09,136
82374.81,50117.55,617731.37,5.45,car,1551481.49,26
206410.41,140827.7,2672068.89,6.58,property,6907636.02,47
212540.32,124300.14,2523403.45,13.59,property,5573658.38,24
311258.89,162060.84,458850.18,8.27,car,2141255.13,11
152573.18,121331.42,98500.67,12.48,house,6637740.6,110
182696.31,172678.58,1806192.46,0.79,car,844750.65,0
266271.47,187859.58,5817855.01,0.92,house,3045362.5,0
84516.11,56883.58,75816.27,9.21,house,9168666.97,163
362535.74,184882.83,6055435.73,8.23,house,6599457.51,3
168314.3,116729.87,3265270.1,1.4,property,2044312.37,0
208757.93,174704.15,3343738.68,2.33,house,6405013.12,71
185676.63,120350.21,3775923.34,11.02,property,2105600.79,0
120758.94,63808.08,1662185.99,11.26,property,6071660.19,49
54943.98,47060.18,124921.0,4.72,car,1546142.25,131
221804.19,134471.79,1848870.05,1.07,house,8312633.72,71
133965.43,100216.06,1007483.14,5.8,house,9937012.33,156
192226.87,155331.87,833192.07,0.26,property,4371680.86,95
90884.8,59031.69,1441373.73,11.53,house,5117135.37,60
262412.02,219208.52,5370679.56,12.7,property,5949613.01,6
42755.03,20111.49,474567.18,3.37,property,5639799.78,169
134104.76,81969.29,1025589.77,11.62,car,1694640.47,11
341467.45,174203.33,2352393.3,2.25,property,5009242.02,16
174229.06,72851.29,802496.3,3.44,house,7766155.96,62
232733.5,142358.37,3613450.46,0.52,car,899966.32,0
31073.91,25598.75,207155.08,7.71,property,6893907.63,311
386239.02,247774.33,184548.79,12.03,car,990590.5,6
133232.09,51713.9,3053962.33,12.55,property,5430729.52,20
54316.39,49748.24,944107.24,1.97,car,1556141.43,93
210094.44,88740.86,3349159.86,8.13,property,2388560.44,0
356134.65,175519.58,1045128.41,11.29,house,12736511.23,49
300149.81,250176.36,5359179.55,13.1,car,617411.4,0
86558.62,80668.66,912969.22,3.56,property,919440.52,1
222718.59,171442.23,603806.2,7.64,house,10716969.04,122
386059.83,338829.32,8681456.71,5.08,property,3258044.67,0
137105.13,101079.19,2978678.41,0.49,property,5466675.76,66
377522.35,288581.66,7146975.58,3.36,property,3385176.59,0
262800.64,202453.75,5696406.37,9.59,property,7002147.01,12
345905.91,201691.72,7552834.3,5.5,house,5561990.05,0
375802.51,302145.51,2682534.58,12.03,car,2314959.76,0
259914.03,228121.43,4782881.16,5.69,car,902880.36,0
50435.93,41240.15,595174.5,10.32,house,11184711.24,234
353169.27,297419.66,6987673.17,9.78,property,997754.25,0
179930.8,141702.52,2365274.16,4.57,property,705131.7,0
39797.55,29249.43,601888.33,11.07,car,306766.77,0
96028.62,51214.8,1327060.26,1.55,car,1436004.96,3
388472.54,329569.55,7115226.15,11.86,property,3577371.54,0
376978.92,234063.93,7903039.04,1.87,car,1812427.12,0
334172.07,277268.32,1593308.8,5.8,car,1165687.2,0
163381.61,139006.29,2236591.89,0.29,car,2330847.17,4
265900.54,193037.52,5787132.45,13.64,car,875922.96,0
343695.73,130559.62,5097728.49,8.41,car,495934.79,0
159809.66,146760.58,450089.91,10.06,house,11940350.83,229
372748.25,315477.15,4420636.49,3.14,car,719197.16,0
347535.96,284726.88,2401851.34,6.92,car,1248878.9,0
98510.26,47219.9,1948349.1,10.17,car,1220328.18,0
175239.16,76678.65,1220476.09,3.67,property,3882325.19,26
114360.82,80023.05,1776441.44,1.2,house,3298266.64,42
142833.47,109383.89,2354532.49,9.99,property,3674682.13,23
246934.46,97251.03,3301019.67,0.73,car,1336051.33,0
154634.64,110382.02,2489462.61,11.23,property,6111813.8,44
37294.51,18729.08,554636.1,4.24,house,10562037.29,285
70250.54,62195.3,69337.26,2.51,car,1408242.79,141
373524.24,327482.91,1182603.44,4.44,property,3746972.44,47
118954.28,63992.86,2793569.8,6.99,house,11595615.46,94
371970.08,193333.42,7828658.26,8.58,house,8479131.26,3
185594.64,83330.19,3282215.55,6.88,car,1522484.36,0
370684.07,271337.52,3914331.18,2.64,car,805693.2,0
33627.65,17020.11,569757.0,6.11,house,2050688.07,65
155477.64,120560.08,1810504.26,6.9,property,7001594.75,89
66988.61,27207.2,1395785.01,2.53,car,1949860.63,13
332577.27,228796.01,5293068.41,2.97,car,1457233.89,0
236899.37,142104.42,436854.54,10.76,property,1207289.18,8
144889.95,75425.18,3412452.19,1.71,house,9469569.72,78
381463.54,325078.01,1407833.64,1.13,property,5446544.92,68
192541.1,177738.71,2745809.74,0.08,car,1743580.07,0
381340.47,207811.21,6695227.09,10.28,property,1469901.49,0
348045.96,289203.49,2363544.0,11.17,property,1030430.67,0
381722.07,220953.93,3654074.2,2.49,house,2704042.15,0
343891.42,153982.34,6433459.09,3.99,property,1656009.96,0
133447.73,110849.73,2356866.13,12.9,property,5026352.05,44
156436.82,63774.11,1379610.65,2.8,house,13453076.02,111
201047.08,138287.07,2041370.53,10.59,house,9787215.08,70
184960.25,112013.83,179506.54,4.78,house,10631940.43,113
266092.03,207067.84,5943437.73,7.38,property,4435083.38,0
130467.15,79899.82,2840659.29,6.69,car,2465209.71,0
280039.3,148489.49,1671186.06,5.99,property,857962.06,0
49082.36,18506.84,126788.18,5.95,car,1322244.28,36
293717.8,246045.89,2505701.63,8.2,property,622015.2,0
301396.14,189194.61,5686817.86,11.8,car,483239.24,0
353167.03,186680.03,4977183.45,6.37,property,3874609.29,0
326976.95,181407.01,7204834.41,11.34,car,707192.26,0
303871.14,216487.44,6356613.27,1.49,property,634364.14,0
170074.86,60883.87,2676846.21,6.44,house,13228537.03,71
387005.45,275212.14,4520742.15,8.66,property,3205465.87,0
276045.19,210947.12,2616890.14,4.24,car,597250.68,0
92504.79,77665.26,1545272.06,2.64,car,760304.86,0
266476.82,197151.25,2787060.69,8.76,property,1931858.4,0
134348.79,84378.47,1528316.65,0.31,car,2285313.74,16
300736.85,185602.62,3500914.98,0.27,house,9400554.64,51
96508.6,66750.97,1931342.14,0.71,car,525859.75,0
342099.22,208363.32,3412939.79,6.94,property,4968796.63,10
230635.72,120960.3,2698418.62,6.81,property,5934606.39,25
375406.76,335254.71,7817177.87,3.25,car,1462279.38,0
180361.73,97306.97,274917.02,12.5,house,13503398.03,93
64437.48,46628.12,999316.79,6.28,house,1780893.48,32
129444.1,60233.03,1068216.36,3.25,car,1592849.16,8
280290.15,253113.6,5741152.63,10.01,house,3270640.66,0
131489.74,102145.32,3028903.0,11.66,property,5393751.41,35
156897.12,99377.83,3656110.63,2.27,car,921405.87,0
304716.63,228608.74,944108.82,2.79,property,4191393.01,40
321523.33,294461.62,3809859.19,3.29,property,852870.02,0
26889.63,23623.71,230418.63,2.22,property,739775.06,123
44192.92,26885.75,655005.85,1.69,car,1370003.66,39
397591.87,326395.69,7341523.44,10.78,property,2506184.27,0
77447.78,59176.41,957974.74,9.37,property,878165.32,0
379581.74,314822.11,8769678.27,10.58,car,2019635.27,0
251669.22,217702.04,615289.21,7.87,property,1290583.13,17
259371.92,226307.63,5670819.17,2.2,house,11060205.38,112
309546.58,200906.44,6466993.05,2.16,house,6017201.59,0
72353.54,62163.05,762505.2,5.82,car,839695.34,6
327475.18,181680.62,3969177.84,1.19,house,11155196.55,47
177703.27,129308.32,1046819.89,10.54,property,3662916.57,39
106709.16,88681.84,1058749.74,5.73,house,14349847.31,278
216139.01,164118.5,4895498.07,6.2,car,1878776.62,0
216592.51,84849.84,1758576.73,5.62,car,1254959.01,0
169441.18,63075.54,3751504.45,2.11,property,933573.72,0
260010.87,202294.1,4120828.91,7.28,house,7160621.52,34
356597.48,274749.17,7476106.44,10.1,house,13774616.52,38
23002.85,11912.45,291377.12,12.89,property,3529535.55,116
264674.15,233587.61,3966044.86,8.65,house,10915858.04,85
357316.46,292619.98,3468877.13,2.76,house,2637792.46,0
224224.73,130946.37,3868579.03,12.32,property,7939429.77,27
127892.59,51884.97,1693663.67,7.3,property,1700205.05,1
30598.67,25334.45,435115.67,3.38,house,11307874.83,621
395042.79,164442.54,568347.16,5.22,property,4306245.33,16
67048.95,53903.06,1514785.42,6.28,property,6026440.22,144
192195.92,180620.03,3715012.9,13.85,property,5859853.41,33
376264.98,281939.99,7626100.45,3.27,house,5341229.18,0
318219.92,247865.53,5135563.93,10.0,property,6031342.42,8
59986.23,39583.18,277215.94,10.9,house,2822835.73,78
290423.36,246006.76,571184.89,0.87,car,1347756.76,18
189542.35,108337.96,2393945.41,8.24,property,6341185.4,36
351365.62,246160.52,5367133.61,13.95,property,7482767.06,12
206025.61,192420.39,4073431.94,2.02,car,1366481.69,0
193930.86,180514.55,2388540.11,7.41,property,2094819.04,0
199875.11,159479.91,4528704.26,5.17,car,1623520.47,0
175275.55,74057.4,2405193.11,0.56,car,559032.87,0
135871.35,78081.98,958647.22,0.39,car,612707.57,0
244057.21,92544.21,5237973.05,12.45,car,702769.69,0
301070.92,105751.6,3956341.46,0.95,car,1218665.34,0
237762.45,163927.32,5137308.38,10.94,house,12765209.84,51
336799.72,144718.04,1119702.4,8.91,house,10507480.06,41
76613.38,60273.17,164225.35,8.75,property,3572212.45,122
108472.47,63699.19,1408392.07,13.41,house,11434822.73,95
265448.28,230826.43,4505455.54,8.01,property,2816360.6,0
265160.68,195250.67,541895.29,13.37,property,4826416.87,45
40092.27,27749.73,182239.44,6.66,car,564622.99,27
375749.09,172035.23,171103.36,11.01,car,2125319.21,10
338788.63,236383.55,688266.26,7.47,house,6924271.18,51
37093.78,32167.16,20710.13,6.12,house,1824768.69,205
220602.67,127774.52,481929.04,13.72,property,1761169.95,13
74733.02,37615.57,160757.11,4.3,house,10661215.67,194
42387.22,39279.13,184595.84,9.99,house,6764186.1,308
141615.76,84642.84,1101944.34,5.26,car,414131.86,0
111056.73,78650.68,630334.3,7.12,property,3387865.1,64
63730.92,24624.3,710967.17,5.7,house,1890236.91,27
260745.69,234212.49,116539.76,7.76,property,5563230.72,129
113600.12,77568.94,2140810.15,4.26,house,7520760.45,103
341585.58,222119.25,6418105.54,1.99,property,7889815.37,12
317168.99,213302.93,3225627.35,12.76,house,2064193.08,0
328804.61,304692.93,4898372.65,9.14,car,301194.45,0
374732.59,239570.95,5376972.75,11.75,house,14989765.23,42
340126.7,162462.36,6862539.29,3.94,car,1926202.48,0
233971.0,124094.24,2219757.19,1.72,car,1895162.32,0
399552.08,350394.22,2021895.02,7.07,house,13433076.76,127
379255.22,277274.22,8916809.11,9.91,house,4820031.85,0
393548.34,218410.62,4342878.42,8.39,car,2310840.13,0
70815.78,63971.77,1034681.05,0.06,car,1779954.09,108
177001.95,157029.21,2987649.98,10.67,property,1108615.9,0
353153.71,261602.1,4565424.22,12.5,property,3838825.78,0
66897.92,62430.71,604291.28,8.42,house,3892019.6,186
311827.02,239551.16,63099.14,6.48,car,1278070.84,17
104177.89,37698.75,702911.94,12.9,house,4085407.63,38
330186.71,239432.23,6406265.39,3.1,house,14558502.83,70
33982.5,21942.59,574207.16,8.48,car,731390.95,10
332026.92,195116.19,6932054.55,7.97,house,3801440.8,0
93632.7,74277.78,1510502.63,8.44,car,443793.38,0
68733.63,26739.42,428278.39,7.98,car,2238206.8,36
296981.57,152825.76,6041796.69,0.32,property,5583008.46,0
253493.49,192251.54,5372654.19,0.03,house,10153044.87,78
378368.21,144202.81,8524720.38,6.06,house,5199480.55,0
278465.92,175420.17,2415782.15,10.63,property,2184111.55,0
125614.55,75624.64,1353204.86,0.07,car,1036352.79,0
354437.41,295814.79,8423684.17,3.16,property,3678651.93,0
48287.34,24143.21,190617.06,4.35,property,5189710.26,152
30591.65,18635.49,17638.06,11.16,house,12846852.38,258
113918.36,72240.86,2621405.32,11.66,house,8515613.1,64
109962.59,43297.39,1583368.19,6.14,car,1675767.27,2
239995.1,96315.03,349549.67,0.47,house,13516130.44,90
283478.19,232335.25,421830.75,11.23,car,963236.36,10
257950.38,100465.01,4194672.23,7.83,house,12974045.73,42
172639.56,124366.29,1703364.16,12.1,property,5180061.17,43
192296.27,120863.1,1975755.33,8.68,car,1047156.24,0
376282.24,308460.18,4100664.56,4.59,car,537614.5,0
24669.66,19192.49,351031.42,11.77,property,1444862.2,81
213381.24,120183.73,2465317.96,8.69,car,834935.45,0
322869.72,124722.87,2415067.0,6.1,property,6157802.26,18
138251.53,121818.01,2573123.11,2.06,house,9644948.11,268
130604.3,121744.45,1622671.45,9.21,car,426098.82,0
212700.99,181030.87,4383523.41,5.91,car,2448323.7,0
263410.82,124002.42,432439.07,2.65,house,10879551.29,69
393130.84,279066.83,3124403.57,8.1,house,9817392.35,43
179104.21,80125.49,1952818.02,11.05,car,1391047.48,0
369582.37,271000.05,6148850.23,6.53,car,825841.89,0
299142.75,275675.88,2380088.18,10.36,car,1180687.65,0
333912.04,118216.63,79274.13,5.01,property,1363919.69,6
130418.96,60858.97,1833230.67,10.72,car,2445680.41,7
95666.69,49790.74,502697.94,3.67,car,1047598.48,12
230711.88,105464.14,119003.19,11.8,car,346186.27,2
277431.9,160176.32,5242890.9,1.55,car,971159.23,0
111256.97,92976.64,1764736.9,13.18,property,7112478.46,87
353787.38,137703.43,1226359.33,12.94,car,721698.84,0
163714.3,94062.57,2355714.53,13.68,car,2326229.91,0
309971.3,217722.46,6356411.14,4.12,car,1020897.33,0
40238.41,33291.94,842931.76,11.92,property,7143757.16,165
99510.28,39689.14,1124069.6,9.29,car,668353.79,0
167484.02,147294.37,3019279.74,5.24,property,3982004.58,28
142292.79,81722.62,2371769.27,10.02,house,7895735.1,55
240850.94,176510.83,4570143.59,9.1,car,782957.82,0
97140.19,84308.06,922987.16,4.28,house,9213500.22,293
375489.58,215705.4,4961436.77,1.88,car,949105.64,0
217151.87,105993.25,214422.3,7.17,house,7252381.64,54
197669.38,117686.75,3816621.49,4.44,house,1833695.65,0
187841.63,95681.82,342120.21,12.62,house,12875145.75,83
214860.58,158178.77,4052476.54,12.97,car,560893.34,0
156890.02,106311.13,1256718.57,9.45,house,5586660.37,58
329914.62,250775.89,2173196.85,9.88,car,2496491.22,4
305905.68,242856.25,6698471.86,0.12,house,5304911.15,0
151720.3,143846.83,3443984.01,11.51,property,589180.4,0
268554.59,253398.65,6132640.84,12.12,car,799237.87,0
304672.09,193364.09,3771782.09,11.0,house,11253889.74,43
195332.43,161178.35,1467688.05,2.63,property,3632658.99,55
186698.7,160890.68,134889.4,1.95,car,972258.26,32
300365.92,195201.84,4749492.63,4.97,car,1222124.09,0
280589.87,166115.16,5243506.77,7.53,house,9423893.66,27
235679.42,87042.4,786988.66,13.68,house,9170576.94,42
323675.4,290741.85,4458010.23,5.47,house,4256762.35,0
168441.74,112972.92,761378.25,1.52,property,7714536.1,115
262821.26,140027.82,1081290.76,9.45,car,370530.14,0
281829.33,181263.6,1262767.46,0.97,house,5331537.88,40
108554.98,80954.0,182318.78,0.8,property,582853.17,15
144173.39,129163.13,1353287.32,13.85,car,1480196.64,5
201735.43,78930.56,4624244.66,12.12,car,2214987.95,0
137707.73,115776.07,2197130.02,2.22,property,7543656.91,175
243246.94,158471.74,3998021.9,3.86,car,2480387.25,0
189378.0,159976.99,2749080.44,3.46,house,13789084.28,215
354110.97,221716.93,4896358.25,10.32,house,10225038.36,28
369180.43,206028.19,7466064.06,11.09,house,9775871.41,10
327794.21,149171.2,1959958.82,12.6,property,3740574.61,9
166172.7,123873.11,2785807.0,1.34,property,7592655.21,101
111084.2,96901.38,729893.24,8.79,house,10499868.7,211
45362.67,35651.55,982266.58,12.72,house,14897261.25,202
230073.08,217922.88,422599.91,1.47,house,7036296.91,404
82638.86,39205.8,88526.38,0.37,property,5708642.86,127
304899.73,176443.45,5458613.37,11.98,house,2009957.91,0
115230.18,89356.37,377440.34,9.38,house,8044249.7,145
45930.13,31189.18,267085.82,13.3,car,1335733.01,47
126073.92,56332.34,2537098.95,8.5,car,947118.24,0
223168.46,130444.13,415550.2,10.69,property,2549391.99,21
187450.04,85620.45,3213998.56,12.5,property,2121248.75,0
284762.1,242589.03,5546107.45,8.97,property,5450303.06,0
59061.45,45135.23,629339.93,8.37,car,1999301.33,61
311503.41,282624.66,2800874.47,3.34,car,335284.58,0
30618.78,10984.06,602964.61,9.52,car,785249.27,8
355268.7,294217.37,7080795.13,2.35,car,396827.53,0
214750.04,180255.73,1663090.83,8.78,property,2053394.87,9
225847.01,206278.25,654797.12,2.99,house,5865465.68,192
25697.94,19078.04,7389.52,2.98,car,445235.82,62
329732.26,243990.99,2919950.3,0.94,car,1204413.04,0
311667.15,202504.36,7408759.19,9.98,property,1785943.33,0
384433.19,272916.92,9054932.18,9.75,property,7434150.51,0
313134.44,134572.3,1317652.52,10.66,property,2884752.31,8
343590.6,219649.99,2763336.08,8.52,property,3866836.74,8
214189.93,170299.92,2587860.14,9.86,car,811732.99,0
254212.5,225757.9,1884316.34,10.33,car,1663485.7,0
42770.75,24580.95,304474.4,2.12,car,1712485.57,71
110464.31,86734.92,2620791.45,6.21,house,3312604.66,18
140664.69,115652.05,133712.96,11.08,house,10248626.74,166
129612.94,47207.11,2634569.16,4.64,car,752798.36,0
40548.11,36517.91,961843.03,11.22,property,5896266.65,163
251064.02,145338.84,1938035.39,6.19,car,442157.14,0
206824.07,190732.48,258646.88,13.89,car,576234.2,16
85996.81,58418.35,1641300.28,2.86,property,1086233.85,0
295495.86,158645.16,5118038.64,3.43,car,1632872.72,0
135178.27,94064.22,3139571.99,2.82,house,2580215.62,0
389570.98,229436.53,1568562.7,6.18,property,5070456.65,20
184703.59,81921.04,4227898.45,6.75,house,7269863.38,23
51628.49,46149.37,372012.0,7.52,property,5949861.76,273
117770.85,73982.56,1282109.41,5.25,property,4106332.51,52
146628.97,114211.95,688742.38,12.83,car,328235.4,0
210265.93,165102.33,2480063.32,12.96,house,14601650.6,97
161795.06,104152.44,2489244.41,8.24,house,13447494.34,102
397139.54,168659.8,8884452.06,2.27,house,14420807.83,23
313082.74,250762.51,2619215.33,9.93,property,5663670.46,32
284653.06,210798.06,6329673.5,10.3,car,1350996.23,0
370158.05,209823.56,6276923.61,0.4,property,5340001.53,0
119305.67,74361.13,1950122.16,3.56,property,4837563.47,53
271789.77,121451.01,761428.68,1.29,property,7376621.4,43
171113.43,120069.65,3700138.95,7.26,car,2227213.57,0
83012.97,50316.06,1378354.27,7.01,property,5438645.45,79
165459.67,88485.73,1634512.53,12.27,property,7020634.69,46
61524.15,42671.12,1177622.3,11.4,house,11607855.98,155
373406.41,219855.02,2761119.42,13.82,house,1521310.8,0
46539.77,35732.77,586358.62,9.16,property,3732121.94,125
87032.49,40195.09,280590.1,6.81,property,7613624.84,110
191251.1,160387.43,852083.5,0.83,car,2080192.98,39
92916.24,87319.73,1943693.67,6.17,property,1318965.86,0
261844.78,104184.34,538606.74,1.75,car,1052734.22,4
242545.63,154438.09,3916459.56,1.41,car,885377.65,0
382981.22,286926.99,7254036.55,0.59,car,1449136.0,0
22759.54,16200.04,539071.72,10.66,house,7888629.07,216
148071.39,89978.86,1317664.02,12.46,house,12527437.09,94
377576.6,282822.61,3429323.12,0.8,house,13286545.34,99
326382.68,114838.01,6819112.07,5.63,car,356496.94,0
66699.92,44580.74,1522458.24,10.52,car,1110545.77,0
254973.64,190038.4,2907919.92,5.78,car,306884.04,0
262467.84,240200.76,2029507.81,8.87,car,2433114.67,11
299608.95,226731.37,1679430.31,6.78,property,5094442.59,38
50920.31,30895.89,1138354.2,13.03,property,6928250.0,100
363977.05,287748.12,2567025.07,2.73,car,2213689.19,0
352968.92,289758.25,6071056.68,0.44,house,12257080.27,93
134512.36,101400.43,1771516.95,12.25,car,2272098.87,10
382919.46,244800.85,4968774.38,3.41,car,1957155.55,0
270703.14,109271.78,2825448.25,10.02,car,2343807.65,0
144070.3,83574.3,969389.75,10.07,property,4072267.38,39
361054.14,153036.0,1176370.11,7.48,property,4189690.87,14
322305.38,177165.04,1731214.73,8.06,property,985002.71,0
150425.8,134796.6,2682276.62,10.15,property,5315766.52,55
233521.98,201689.34,4530966.14,3.13,car,940148.31,0
62325.36,34537.14,885818.58,2.63,car,1560245.82,23
68418.64,36810.83,624298.35,10.32,house,2335446.64,40
223529.16,191848.63,5256598.34,4.48,house,12266494.88,111
374891.56,159622.99,5971957.61,8.27,car,1169687.24,0
224551.32,140650.34,779826.06,13.2,car,1399631.86,7
193198.12,137340.54,676366.68,9.31,property,757578.99,2
141652.96,92276.53,2341013.4,3.83,property,4804789.65,41
259809.29,124558.56,1817595.25,13.53,car,2458514.15,5
146594.93,124126.44,740995.44,10.26,car,1840896.31,34
39975.2,34748.8,171752.85,6.83,house,5537873.99,314
329704.62,295885.44,1259681.81,0.3,house,6055036.99,139
277601.5,262108.17,5048222.28,5.47,property,5950659.5,23
127298.35,115057.12,2141999.47,7.67,car,587981.5,0
305861.26,213561.57,5909766.55,11.9,property,2780555.06,0
268760.91,187136.73,2850265.88,6.75,car,761485.96,0
325656.21,152209.45,5089912.71,5.07,property,1264608.81,0
318489.72,275512.22,2878299.54,13.76,property,6812450.68,41
371874.43,151586.67,8694353.56,2.51,car,558163.06,0
215865.37,119393.3,2247528.59,2.08,property,3529954.97,13
32917.27,16278.03,386021.59,9.63,car,1736153.33,55
162641.22,124433.04,3104463.96,9.22,house,13176093.16,106
267118.16,137600.48,4187528.89,5.14,car,556580.8,0
66379.59,48778.75,1447306.34,3.15,property,4797364.32,132
237599.61,122182.01,4250329.95,11.12,car,1144711.73,0
399982.59,308643.44,2864163.48,1.75,house,2357227.07,0
365374.6,302214.08,1621297.3,11.38,car,1166352.4,0
330635.88,271149.44,4206384.01,0.9,property,4542363.39,6
331154.49,245392.23,5988663.09,2.9,property,7232017.24,13
88652.39,62895.46,382845.45,7.77,house,3161111.59,77
68950.08,32664.27,266771.04,7.87,car,486142.72,6
67392.51,35660.53,1562874.53,2.4,property,500641.73,0
134227.99,123184.89,1673371.21,10.96,property,4505767.99,76
73144.92,47124.76,549352.36,12.75,house,9683323.8,133
214024.33,163248.81,3403587.83,0.63,car,713762.03,0
133889.51,113749.4,3076533.22,8.43,car,1601922.91,0
125410.37,98755.98,1270201.44,7.7,house,6654061.23,108
363390.77,214413.5,726090.32,3.56,house,14192690.93,80
74432.7,35151.42,1124651.08,3.77,property,5726022.0,93
93198.42,53429.29,1470264.09,11.49,property,1730323.04,5
332195.77,179324.66,6280764.74,5.31,property,2356232.64,0
122647.59,82036.78,2013321.73,5.69,house,10142396.1,121
157871.4,86846.7,1035332.04,12.16,car,902022.93,0
57219.8,53654.5,305176.89,13.32,car,686609.02,44
296764.42,158451.35,5849890.83,6.85,property,3116751.59,0
237420.07,123268.03,1544487.63,1.39,car,675644.32,0
379673.92,221630.09,3145275.41,10.38,property,4637537.72,8
355168.03,210114.13,5048870.94,3.63,property,4351740.64,0
79086.69,33676.77,718994.15,10.3,car,2320571.62,28
262893.53,150398.87,4905770.88,9.5,house,11041621.3,36
89579.72,84361.5,1716638.89,7.03,house,14360320.35,303
217825.97,170139.53,4829525.7,3.2,property,6934411.06,34
380032.77,225704.83,2852406.58,1.26,car,468725.07,0
111213.96,45172.91,1535597.98,1.18,house,8981156.96,105
207283.2,181292.33,4786582.05,5.94,property,7493310.64,49
71842.79,46603.2,1181305.51,9.47,property,5734114.65,91
174079.15,125297.29,3805591.99,10.44,property,3687341.82,0
223043.43,124243.31,5322112.22,9.26,property,5630585.76,3
36095.27,22349.88,145997.3,13.02,property,7278489.64,167
86429.39,49284.68,276543.92,4.95,car,1229988.99,24
164056.01,94163.26,445839.31,12.8,car,2129798.09,21
343295.28,296841.83,2389868.54,6.76,house,4376390.25,31
300449.77,207702.48,1568082.43,4.27,property,4366467.6,28
359498.79,327592.78,7700411.44,11.88,car,1082636.94,0
253901.49,138917.4,2156493.52,0.07,property,1896182.8,0
154722.28,63560.33,1827131.97,1.19,property,7238824.69,57
176073.24,158090.08,29201.9,10.77,house,4552285.64,132
170236.35,90152.23,1750062.96,2.55,house,2967382.4,15
186657.39,159333.45,724981.62,4.95,house,1578437.95,27
355758.98,275902.35,944887.11,3.99,car,1168001.21,3
302691.12,269576.31,1164604.07,2.79,house,14455934.52,268
393512.91,165777.3,4618908.12,6.94,property,5857407.19,5
143457.33,116004.7,3035900.84,7.03,property,6822971.85,69
167762.43,69762.27,434355.4,0.3,car,1057065.21,7
25186.6,19158.51,31456.96,11.62,house,14681920.11,328
300223.99,183315.9,2085715.84,6.8,house,4844588.54,21
77948.38,51192.12,466692.74,10.73,house,14922470.32,185
113994.66,96025.19,542831.06,9.89,car,1842518.9,48
210886.9,96736.55,5023587.43,8.28,property,1615445.75,0
65775.25,38858.04,432319.64,2.69,car,1237866.55,29
254257.6,102862.77,310938.93,5.7,house,10952144.63,61
392447.25,189577.59,4013095.16,0.86,house,10192287.6,30
135630.2,69381.31,913244.57,4.91,house,4834076.6,51
360140.37,165322.79,4632.22,9.25,house,4361696.94,21
199382.1,178464.76,482161.91,2.59,house,6408346.78,213
135655.54,55365.41,44478.47,7.72,car,1028665.81,12
301691.0,171007.8,5639026.95,7.4,house,4716404.97,0
124859.84,87476.35,261400.09,1.49,property,6069405.78,142
65734.65,46141.58,1439079.04,9.16,car,724440.52,0
189392.52,77496.1,4280958.94,8.67,house,11292233.9,43
396064.95,186625.6,6851316.61,0.61,car,1220067.63,0
290409.19,256998.19,5292569.17,11.85,property,7813446.18,26
360066.95,222913.61,6198848.17,12.75,car,1362205.36,0
219029.85,201828.68,4157459.05,2.34,house,10905534.07,216
68995.01,26029.55,937517.61,11.12,property,1926431.88,18
329522.73,213206.33,4211062.09,7.19,car,664140.08,0
305276.56,177210.07,5710177.36,5.61,house,4293482.05,0
21368.21,14811.13,303657.32,0.12,property,3915807.4,534
288946.53,192162.13,2104063.57,3.08,property,2513859.89,4
65259.29,31608.84,835683.0,4.09,property,1611046.07,21
355768.94,322450.74,2309095.72,11.07,property,7850177.46,72
396023.78,188500.76,1104287.02,9.08,property,5038696.52,18
160261.86,64096.36,2713406.59,7.69,property,1502087.0,0
361367.59,190418.03,8544995.87,8.76,car,2112649.93,0
103326.25,96004.18,438273.33,13.6,property,5429881.95,153
349833.14,319541.14,4897058.41,10.12,property,3364857.33,0
268453.39,234095.51,4086755.4,7.71,house,4478627.01,7
122141.53,85376.72,2367785.77,10.54,car,1281322.99,0
297328.52,181472.13,1058495.65,6.71,house,3950432.84,23
90310.65,78336.48,409345.49,6.87,property,1853049.82,80
127176.81,68179.0,2702007.88,11.44,property,5058665.58,25
46392.57,18242.91,273070.91,12.73,house,2853156.28,60
220175.85,173071.16,4269611.63,8.45,house,6683872.41,29
61813.5,22137.34,1232092.01,13.09,car,846354.48,0
51766.31,22548.44,779456.94,0.19,car,2406758.92,56
60408.8,47824.37,490601.48,9.9,car,606306.22,7
308675.27,273311.63,6041132.44,4.3,house,3585929.87,0
41232.69,31552.28,620950.35,1.72,car,526193.69,0
132760.63,87213.83,2665249.4,1.99,car,352801.91,0
182311.46,79930.07,2867531.51,3.16,property,3385578.56,5
356005.09,300351.14,960433.41,2.37,car,793949.41,0
383457.27,199048.28,702094.38,4.67,house,13964814.7,63
369551.97,327922.64,5361516.57,2.49,property,3011330.49,0
88918.89,53808.97,1905960.41,9.62,property,6631719.09,71
152386.56,62837.14,3350923.23,9.26,house,12444712.1,62
290296.54,114905.67,15179.71,13.06,car,2011124.89,11
75703.85,33208.87,811597.5,11.16,house,12497771.78,125
63002.33,38209.14,1098822.78,2.03,house,14929417.72,374
89111.49,51774.7,682912.9,5.93,property,7796366.49,127
248662.38,182011.54,824890.38,13.22,car,1143007.46,5
228748.92,154004.83,2704368.94,7.51,car,1146179.96,0
240766.3,145207.23,3339196.08,9.71,property,2145004.92,0
53155.08,30140.3,259328.34,11.91,house,9038055.32,151
383893.99,346480.63,548913.65,4.89,car,948334.03,10
74773.29,64453.63,1743987.62,12.78,car,763622.21,0
105343.13,84084.6,296399.7,9.74,car,1130413.72,32
30011.82,27879.41,267718.04,9.82,property,4862053.06,279
201194.1,142114.53,763764.32,2.06,car,473785.24,0
49284.81,34080.94,962486.57,2.1,car,1333482.42,22
73242.71,48814.07,1667764.25,6.58,property,3030027.43,37
316930.83,243132.92,2181262.99,2.18,property,740893.3,0
305430.51,199133.75,79662.95,11.66,property,7611814.72,54
192632.67,149645.55,1193032.84,8.01,house,11076263.01,125
180994.7,80376.2,4227119.6,7.3,car,1934896.42,0
172152.92,66037.53,1620816.83,11.52,property,5038125.54,25
49339.51,37767.22,565331.64,9.14,house,12667924.68,253
82633.26,68751.16,1282429.53,2.73,car,529680.14,0
157826.62,128988.28,1270712.59,3.35,car,1491449.41,7
44821.28,31745.41,813798.29,4.33,property,2012944.4,67
373096.73,184384.81,761469.71,7.98,car,1540226.51,4
320285.77,120878.53,2418134.17,13.21,car,2457191.58,1
305638.18,282789.72,3669243.24,4.4,house,11296789.69,157
390063.28,300970.52,911623.16,5.7,property,4276838.02,34
210827.3,171831.87,119844.25,11.14,house,9415835.75,125
343770.3,180160.26,1250260.76,6.48,property,1199681.49,0
293015.83,258041.82,5678478.22,9.16,property,1707852.7,0
386193.6,254803.0,6754253.87,9.12,house,7540982.8,5
69855.08,36639.33,1045262.38,13.16,car,2259495.85,24
314186.5,183038.95,1574607.03,8.55,car,2407634.43,6
235422.33,222860.83,550357.38,0.21,house,8886336.71,624
388199.91,317884.21,812123.68,1.32,house,3791188.13,41
132331.11,51727.85,1830970.13,4.95,car,694209.76,0
313337.39,158162.21,3558968.49,3.58,house,10278943.12,39
73369.95,31136.72,1001470.71,0.55,house,6912679.39,135
345660.36,311192.52,1070033.73,5.13,property,7640337.19,128
161999.58,123009.61,1967099.02,3.68,property,820066.81,0
391424.02,150398.89,7426948.02,9.8,property,559572.09,0
344162.72,180477.68,1306764.95,5.59,car,790712.84,0
352180.38,264660.15,2949338.47,6.56,property,7250948.87,38
196644.14,78951.35,3453597.09,12.84,house,11870924.78,44
95798.98,52424.3,729493.59,13.95,house,4370575.03,52
301688.21,126285.44,3291384.42,7.63,house,3464436.3,1
101118.65,69865.3,2397266.22,10.84,car,2360211.27,0
157367.25,95689.65,1787980.14,0.76,car,2395819.02,10
279795.15,143229.62,4268693.27,1.17,car,902591.7,0
51049.46,44630.79,553075.1,5.88,car,1773217.68,104
118589.95,100603.34,263102.5,12.62,house,14505437.88,202
132823.89,62316.08,3002696.56,6.74,property,5666228.7,29
81061.88,62256.66,690048.75,9.7,house,12610711.91,199
233145.21,206629.04,1111039.38,10.12,property,5123842.81,80
143018.38,134697.68,3222955.97,10.4,property,5998449.65,59
25390.98,22544.66,569054.06,6.99,house,3033692.83,208
388590.93,230757.72,4856065.68,0.05,house,14234870.56,60
345761.49,252604.99,5301904.37,8.1,car,780970.1,0
392032.16,236044.78,5138000.67,2.33,house,4417853.35,0
99709.97,46334.76,1626377.08,13.37,house,12486021.22,90
26152.68,23223.4,315140.99,12.15,property,4243479.98,201
399638.3,239156.44,3373544.94,11.59,house,8562792.61,25
310730.83,129894.19,1311138.48,6.0,car,1516057.86,2
81809.71,50028.74,559633.28,9.23,property,3781202.54,69
127634.38,92180.85,2833898.55,12.0,car,2073067.48,0
59448.58,43978.55,879259.22,5.76,house,11624239.67,269
257053.76,173984.33,3908400.57,7.05,car,1768962.3,0
343648.0,163962.25,6407360.23,7.72,car,730232.52,0
198438.21,84269.63,4608288.22,12.8,house,13757913.18,45
265046.58,217545.22,2517784.88,13.15,car,1416633.79,0
121691.47,90685.59,897781.34,12.64,house,10589560.96,121
21579.87,19323.38,16922.73,0.37,house,12850389.94,1200
217206.03,172623.9,1654958.61,2.39,property,7946218.44,117
111895.82,104521.24,517389.47,9.02,car,2062929.62,95
239584.37,102379.74,3658588.47,13.68,car,1186861.84,0
140887.48,62704.25,780977.07,9.94,car,1409365.5,8
259947.61,213304.89,5259451.66,8.78,house,12804061.35,69
80440.2,43714.65,180033.72,0.36,car,1683567.08,41
245449.51,90004.13,4168179.92,12.89,car,1557946.44,0
29610.15,23406.87,698857.07,8.88,house,4018494.81,157
267958.63,129438.26,1246515.15,11.77,property,6350217.15,30
318698.32,258857.91,5042503.61,3.85,car,1680363.62,0
262586.9,183183.97,651756.83,6.43,property,1420132.42,10
73897.45,37480.55,320350.21,1.08,house,13821708.25,318
99029.53,40642.02,1890532.7,5.79,house,14449431.84,134
48998.82,37356.79,441288.51,4.39,house,12415412.24,400
88326.45,31451.65,378765.86,7.94,property,6911066.95,83
64538.71,35863.28,537143.41,13.93,property,4598620.79,75
80187.54,63750.55,1783210.26,2.7,car,1479099.19,0
216838.07,174896.51,1125683.77,5.11,car,364894.76,0
72654.71,29066.65,1205954.91,1.77,house,8001260.77,136
382227.16,213715.45,5059132.18,4.12,property,6567587.98,9
185703.56,170440.1,4110799.72,3.5,car,1811526.4,0
357179.66,185251.11,3367426.31,8.17,property,2836888.47,0
321757.82,296743.48,3767128.63,12.36,house,9550452.08,65
123236.09,66701.44,318123.95,5.36,car,1547712.48,21
162104.98,118274.89,250029.12,2.34,car,2407814.37,47
116164.19,69220.49,1683587.4,12.28,property,3141900.02,21
31377.18,14368.95,242995.81,11.07,house,4811794.96,127
101769.98,58313.81,354256.45,4.4,car,1000896.11,15
24142.39,13213.65,269647.29,11.13,car,1535609.28,69
166524.54,118412.46,2107250.88,1.44,house,11169585.91,163
379583.0,316745.28,6115947.32,8.04,property,3663126.06,0
307356.46,166178.41,2361393.17,2.76,house,8231788.07,39
396298.69,238866.0,1180266.39,2.4,house,9480809.8,50
109840.33,39845.81,47019.48,10.97,property,7909660.74,78
366424.39,190767.68,7401563.44,5.64,property,7385258.62,0
34865.69,25691.32,58117.58,1.33,house,11263924.54,769
124375.95,99776.3,1195036.97,7.79,house,8166551.11,136
37887.65,20045.08,894724.66,6.91,property,7753643.96,175
66136.92,37985.32,980906.29,0.41,car,2116004.37,40
72719.08,68801.28,1503345.59,10.14,car,674421.2,0
92640.68,82576.75,820158.05,12.64,car,2355042.78,60
349845.65,176956.34,6590622.18,1.55,house,2513069.37,0
145145.01,104163.37,2830277.28,3.78,car,2334688.5,0
241712.22,101988.26,1852478.65,2.07,property,7158488.09,37
387017.78,231427.48,4149880.88,1.71,property,2303925.85,0
201612.19,129850.81,1357454.56,10.82,house,4548712.0,33
120248.57,63460.04,238941.44,7.82,car,1750857.71,25
299401.95,141777.22,560600.65,13.6,car,767446.04,2
274789.6,173362.08,2539453.09,6.83,house,4316929.68,15
244398.78,162913.0,5035350.96,10.65,house,11064916.88,41
269009.95,230994.59,682169.26,1.82,house,6705272.61,139
191924.12,138624.26,935149.79,5.6,car,911244.56,0
82394.6,44022.45,1720065.88,9.08,car,1314099.07,0
60725.89,25269.23,24175.61,6.45,house,1885914.37,47
271516.49,168770.46,1730616.09,12.98,car,1079739.04,0
100585.09,59159.8,1040086.26,4.67,house,5179949.7,79
57168.83,42257.65,1004344.13,5.92,house,4057570.05,115
87125.14,44917.84,1270176.09,7.26,car,1798553.15,11
265611.05,245791.95,1399747.46,0.74,car,1565507.11,8
110731.51,74110.28,732049.06,12.36,property,5868674.89,77
168925.07,69391.47,2975477.5,12.31,house,8184817.41,34
84991.07,40128.13,1299137.82,9.88,house,11407410.66,112
55812.18,36386.42,938275.75,6.67,house,13009613.18,238
281415.65,127239.14,4602445.91,2.33,house,13648234.5,53
73896.79,26428.51,841715.21,4.68,car,2443615.88,30
354877.86,160559.19,6475193.02,0.14,house,14588810.67,42
241600.37,155345.27,1435166.65,1.53,car,1547986.81,2
396356.98,337385.17,4996658.56,2.34,car,2005564.42,0
57997.14,48273.08,467239.8,6.87,house,14862207.1,357
117789.01,75608.3,1029822.75,0.19,house,5565309.44,107
146820.77,97004.28,2339513.89,12.11,property,4132661.3,22
122576.23,81094.64,1882183.43,2.07,house,13059584.58,208
270559.43,117687.91,3232636.88,3.42,property,5718545.64,16
183673.79,87021.8,393534.99,12.89,house,10122905.66,67
386872.16,339010.82,6302625.95,12.59,house,14828977.49,56
352915.28,160566.34,7710442.22,4.88,house,6778854.05,0
178571.83,168994.35,1325674.24,0.58,property,5763767.26,395
336985.2,142806.49,6432369.95,7.93,house,5393515.2,0
388398.56,252209.02,6390181.96,6.53,car,1451009.57,0
130117.07,89115.17,507790.18,6.82,car,2059527.14,33
25925.11,9710.82,176094.12,8.3,car,1374406.17,57
21934.29,12312.89,439094.76,0.7,car,1070480.12,63
127640.9,110461.25,2038147.49,10.76,car,2398107.56,10
291014.9,126762.18,5119905.19,6.05,car,939764.46,0
32211.94,29305.16,192288.68,9.5,house,7204604.38,331
387424.59,158411.41,2429253.63,4.23,house,3839576.58,6
185610.18,162512.75,3583227.97,1.95,car,850044.98,0
178198.68,83702.4,1304397.61,4.16,property,3958657.87,26
89681.43,73488.86,1794745.61,1.34,property,3814259.99,105
139038.98,126654.48,2377895.19,6.56,house,7798459.54,142
385349.83,241525.86,8439700.38,0.37,house,2693791.33,0
73422.52,65647.76,1386156.31,8.12,house,3218210.62,81
226442.43,156096.9,1594208.25,10.57,house,3200133.85,18
274630.11,172381.11,5028996.99,7.25,car,486250.0,0
122666.44,115515.49,315151.43,8.32,house,9133485.9,293
282425.3,245311.36,823163.66,8.18,property,6045225.67,90
40147.7,18991.42,138896.82,10.37,house,3341437.13,94
360119.89,264256.29,1337705.62,8.8,property,7918689.72,52
22451.3,14390.68,370594.54,1.61,car,636648.59,31
354361.64,234549.68,2102408.52,1.45,car,2131998.2,1
188650.03,72326.89,551513.46,5.66,car,2104596.11,13
339853.91,230431.67,6702080.45,9.54,property,5128688.89,0
184294.41,134851.59,817417.28,11.46,property,2305114.22,24
214375.7,165021.52,1030809.46,6.73,house,10511729.65,121
384454.74,248272.6,6160807.13,5.48,property,6498913.97,3
196306.21,164523.48,698064.22,3.97,car,1541259.99,24
24187.46,12859.43,374485.22,12.51,property,3833595.38,118
365081.17,205480.87,1220570.24,12.35,house,5238204.53,22
393066.4,221944.39,8073642.72,7.04,house,13684432.07,24
219521.15,144406.96,919338.12,2.12,property,5894068.32,62
148930.61,116033.24,2811917.85,3.9,property,2771974.14,0
169692.92,152672.04,2627392.11,5.27,house,9678864.27,168
88542.32,68629.17,1077340.98,9.22,house,3247196.59,61
143149.11,132143.34,1195908.53,8.64,house,2412194.61,52
31218.3,24653.92,173601.96,9.31,house,14112157.77,348
201036.94,162024.83,4734798.25,11.32,property,6467036.98,19
60064.09,52763.49,1049674.94,5.38,house,13952073.28,394
43532.13,21778.7,39093.53,10.5,house,11805251.32,199
250482.65,214014.29,5552003.21,4.5,property,3871322.23,0
70622.32,51726.44,943177.89,2.74,house,7406450.53,233
128713.95,60587.67,500716.55,11.39,car,489240.26,0
29212.36,27047.71,67449.79,0.47,car,2265240.23,848
156633.18,93167.99,2054704.7,1.01,car,1801194.65,0
383942.57,302151.33,4866743.98,2.66,car,1554814.15,0
200018.49,112263.1,2968973.01,7.82,car,2063510.96,0
186773.66,135463.65,3917660.83,7.97,car,2021252.19,0
133326.25,56097.89,737796.04,8.42,house,1804323.46,13
332104.57,174002.16,6600765.56,5.47,house,2417363.05,0
351159.87,326883.8,630209.39,8.05,property,7488567.87,144
210017.86,123812.21,285531.21,9.77,car,1582099.53,14
376032.22,353831.41,5895270.66,0.45,house,5021894.92,0
147125.67,119001.36,491830.4,7.66,property,2972068.77,65
307791.01,276209.11,460419.68,6.91,property,7282428.99,134
287174.52,232423.12,243722.08,13.73,house,9574992.99,93
252724.41,100674.31,3344606.88,13.25,house,11264951.97,35
59543.26,38581.54,321883.79,4.9,house,5596147.75,166
342936.73,319918.61,176488.37,0.77,car,1475208.89,56
346911.9,263363.28,6143867.21,7.73,car,1151674.54,0
163346.57,69445.56,2749466.9,7.69,car,1263496.28,0
360915.76,339087.84,3185084.48,2.71,house,13893925.94,269
110504.68,44775.89,26652.8,5.78,property,4760364.59,62
396556.72,142339.73,6850852.18,11.38,car,424640.09,0
186651.24,96976.07,1407167.62,8.43,car,2495795.38,11
69292.17,40791.69,1093568.22,9.19,car,850437.48,0
226585.55,146591.24,3998158.09,5.0,car,1275792.04,0
135033.19,76990.55,1786994.12,12.17,car,1459057.21,0
121663.39,93518.15,1470021.04,0.76,house,11024272.62,299
256311.28,132736.0,1252162.21,1.92,property,2229019.45,8
301925.29,143855.86,2698414.9,11.43,car,378908.89,0
109339.99,67152.95,2005361.9,13.34,car,1397596.48,0
32827.35,16964.53,302676.04,11.58,car,431384.09,7
344738.21,200072.87,155946.97,5.36,house,2099609.93,14
98177.45,45226.04,1015747.7,0.73,house,1922632.34,17
309938.6,282767.62,6769460.69,10.56,house,13956432.22,63
364830.84,305051.93,5174398.39,10.6,house,11298114.81,48
256181.6,222735.91,4811783.2,13.0,car,2076272.73,0
230251.78,212173.37,5152883.99,4.02,property,3976269.03,0
237588.97,164169.66,2958911.34,2.28,house,7808988.39,59
397192.97,195790.77,8652889.45,3.93,property,7632254.24,0
52504.01,26249.88,683985.98,4.73,house,2021183.82,43
124222.55,63508.58,746865.58,9.14,property,592543.37,0
136620.16,101982.29,2741146.21,11.87,house,7746777.63,60
187165.53,117888.77,4338731.2,6.72,property,2133818.75,0
42262.24,38598.13,280397.1,8.54,house,14369459.37,413
187367.02,94583.65,3537799.73,3.63,house,3217503.48,0
259528.51,113710.1,3849011.06,0.69,car,1740121.82,0
90017.09,58874.01,951247.75,4.44,property,5880182.73,115
43108.89,33570.17,268021.5,3.6,property,6836981.76,356
342774.78,231120.98,368000.82,3.29,car,470454.11,1
188648.82,123870.84,1072938.1,4.56,house,12693361.01,131
278786.18,109517.22,2853490.27,3.96,car,1018389.19,0
319502.5,176043.15,3129623.19,9.13,house,14223473.93,54
131743.95,48573.26,1164517.21,4.07,car,2306119.85,13
29703.41,21250.5,576032.89,7.15,property,4311367.03,178
240964.87,134080.48,1242619.51,11.63,car,1745530.53,5
77028.38,62205.59,1200186.12,13.37,car,1543885.25,12
399168.93,290672.67,7031292.82,7.55,car,2164709.18,0
220547.43,83997.45,2500103.59,7.34,house,5778681.31,21
94108.97,65419.49,2057755.46,4.6,house,4617024.48,63
139630.22,130336.17,2322574.95,6.23,house,6385395.66,133
153754.15,100460.82,3375096.17,9.15,property,2227623.76,0
318795.57,155526.97,6333736.9,13.81,property,2337079.48,0
365520.98,275772.08,5841633.37,8.48,house,6111219.34,3
64826.33,38578.26,785735.46,2.08,house,10040501.84,265
313605.09,279084.53,6596286.92,0.22,car,1220976.33,0
310893.63,241511.23,3505837.57,1.41,car,2134488.83,0
29093.96,13096.98,50982.88,7.21,property,7389672.52,219
363618.95,204579.53,3510966.46,7.8,property,2700439.19,0
147987.15,125023.89,1195643.18,8.52,car,2487095.03,37
37190.33,29501.19,316823.76,6.28,house,10016231.97,357
301465.04,184319.97,5481792.56,9.8,property,1875880.84,0
311063.17,279896.23,6992362.49,1.17,car,1605817.23,0
160552.09,118751.2,1461825.12,6.14,property,5918998.89,75
126133.84,102648.2,703111.04,6.91,car,1541088.94,29
360974.62,251923.08,7312468.68,5.97,house,6684914.58,0
307774.08,283801.0,309751.93,13.23,property,2080105.17,50
217271.29,151021.51,3209414.14,1.39,house,3735499.25,8
129380.4,83059.82,694410.58,2.37,house,14848875.25,234
306318.15,277128.94,4899377.0,1.97,car,1514759.58,0
213305.3,96267.13,3063362.16,0.56,property,4534369.41,13
94150.41,60540.55,1858299.14,5.17,house,14214380.44,192
237042.76,187086.87,2963379.06,11.63,house,13892935.1,89
292175.35,263399.05,841048.4,12.44,house,5051263.18,75
348511.05,329637.9,6119578.57,1.63,house,12349154.6,200
302825.46,146405.53,540364.15,2.19,house,5227458.4,30
259637.1,170765.0,4841996.57,9.9,house,13545678.87,54
34575.6,14185.1,585105.2,7.3,car,2151148.29,56
271229.56,237744.68,231974.09,8.88,car,841010.21,17
242810.48,212038.84,1283260.49,2.74,house,3544346.94,63
329270.16,260168.35,2233239.38,2.78,car,2391832.07,3
345719.58,276460.74,26532.27,0.94,property,5084128.91,72
289796.39,108177.41,4784990.5,8.59,property,4879242.17,1
262331.56,168033.81,4136072.34,2.52,house,12849339.99,78
352514.85,264663.03,4147452.6,8.82,property,3178459.04,0
202764.44,82711.66,546818.81,12.33,house,7164519.36,43
189925.71,94666.14,1936628.14,2.47,house,10418273.61,79
152079.86,89552.77,467400.53,12.35,house,9614293.69,86
281144.33,103286.11,1807806.64,3.01,house,2320844.03,3
313283.49,158823.19,2388110.11,5.48,house,7240190.29,28
119065.77,45576.0,1387369.71,3.07,property,6638934.38,63
137234.05,81775.97,1885614.57,2.33,car,2015014.41,3
61919.94,57644.58,907624.5,1.81,property,649399.37,0
294446.91,244817.22,637791.17,9.87,house,11852367.68,121
230099.79,170954.7,2864184.64,5.07,car,2467478.05,0
338496.64,198804.42,5831515.89,4.06,car,2303438.32,0
145970.8,69973.89,2569089.69,13.16,car,2160060.32,0
306946.29,204405.73,3694400.52,11.08,car,645280.11,0
134557.25,65664.36,2494405.97,3.46,house,11623857.79,104
328938.42,189703.41,3163737.11,11.46,house,13136779.88,47
49080.29,32034.99,828658.96,10.26,car,332431.92,0
335495.58,239182.55,1222660.41,10.3,house,4122835.08,25
250162.8,134415.93,1943625.26,7.17,car,964738.75,0
194384.14,79660.09,4521821.72,8.07,house,5431721.83,7
55363.71,51495.55,745412.02,6.77,property,4499029.28,229
112953.33,40700.19,1347401.96,5.51,house,11796455.17,105
291539.92,181151.89,4043398.54,0.35,car,1283587.63,0
201186.4,83566.61,1499771.32,2.01,property,7818630.71,51
56247.83,25398.9,1167472.44,6.86,car,484555.31,0
173214.13,147724.32,2175870.15,11.76,car,429652.51,0
207498.74,123900.64,3687723.06,11.68,car,1007174.56,0
234818.7,139463.65,31400.54,9.67,property,6460218.43,54
227323.72,122256.9,3557208.62,4.51,property,4122472.5,5
230826.75,183232.81,4061088.24,12.9,house,10939950.11,56
162760.7,130881.09,633177.33,10.47,car,734208.75,3
350504.69,146580.62,7448949.42,6.93,property,6523652.23,0
205133.48,163982.9,2693411.09,5.59,house,3087374.25,8
398382.84,311521.75,8416008.22,3.8,house,9803856.58,13
161220.09,119324.22,547571.51,7.33,car,2066190.2,31
381758.24,218652.79,5538711.44,6.61,car,2359645.5,0
372290.25,291160.07,7616130.75,1.89,property,5863110.72,0
200070.76,108160.82,860588.11,6.59,car,986049.12,2
91316.28,69987.27,1178487.38,4.63,car,1674940.08,19
245892.7,95913.69,3755333.4,12.37,house,9989093.67,29
372594.21,191792.26,7339400.36,12.15,property,5969923.35,0
159564.43,129278.03,3577975.35,7.86,property,5445256.78,32
49440.93,21825.85,866985.92,3.92,house,9109406.84,195
68147.55,45208.45,1054646.29,5.36,property,6289840.12,138
245024.59,126516.61,4747397.99,12.2,property,7319223.08,15
99536.55,34997.3,553815.88,3.03,property,1598687.41,16
82630.99,72282.98,641225.47,12.54,car,601344.84,0
326749.07,197762.73,3698975.19,4.24,car,829700.36,0
169433.73,137978.66,2871879.75,4.97,property,2877289.43,1
49715.87,35458.78,255220.64,2.33,property,6752037.0,319
290312.12,247904.97,3905180.12,6.86,house,10752462.4,83
232003.93,141811.95,1938701.82,0.35,house,13047526.23,121
312883.02,174461.99,3184482.78,8.64,car,1141406.31,0
88022.13,70292.46,22545.82,6.19,property,1961664.55,87
242751.6,132802.34,5307758.32,12.82,property,7411729.65,12
250574.28,92741.78,1653498.07,6.7,car,2490623.27,5
287620.5,147981.99,395031.81,8.01,car,2199007.71,13
372478.44,353235.81,5651899.18,6.86,house,11624135.98,90
266068.43,180222.09,663387.02,5.17,property,7206988.52,65
78212.87,61922.51,1634798.84,1.84,house,12759869.81,422
65382.17,40277.17,1115039.36,4.4,property,2581086.24,47
343978.83,255597.99,6088042.51,4.66,property,6861725.19,7
140262.51,108785.55,3048941.41,8.22,house,8470596.07,79
377407.16,223388.75,7587846.53,9.37,car,724467.86,0
309291.37,135626.85,1979236.56,2.42,car,906156.0,0
95499.69,62387.99,396441.87,10.46,car,984561.95,16
233012.57,98011.78,2607423.37,11.71,car,1545616.43,0
195942.04,82248.05,425876.35,10.21,car,998502.83,5
258117.48,93455.16,1049004.96,0.15,property,3308971.69,14
50884.47,39922.23,301316.02,11.72,property,7569930.63,187
348542.64,278292.15,6174311.4,4.35,house,11029838.5,49
87641.53,38058.83,663707.89,3.16,car,900158.73,5
95705.36,89730.18,595717.87,6.15,car,1377748.45,72
239904.54,134182.33,3695446.83,6.3,property,5652799.05,16
84780.36,77980.9,1190770.02,2.18,property,2079970.98,92
286831.24,160095.69,5582252.1,11.15,car,1052798.57,0
388026.37,264233.05,6920513.55,3.77,property,6300567.47,0
118121.26,74488.79,89152.4,1.61,property,5233352.49,110
200579.73,126435.06,1554850.54,7.89,property,4912930.86,36
32862.92,25329.85,496470.95,12.17,car,649251.1,12
200688.45,110780.65,4349223.16,2.62,house,5634721.0,13
197399.67,91138.72,103042.48,11.33,house,9513259.15,65
283909.41,223883.27,3226837.59,3.41,property,3299110.84,2
148393.74,112353.87,1069052.11,13.59,car,1978980.58,18
362328.9,237027.03,3660849.33,10.84,property,3505625.96,0
30850.96,20279.04,682931.96,12.41,property,7571347.49,158
95415.61,89066.34,1721717.72,1.82,house,12145687.17,672
40444.04,16349.06,769598.37,1.98,house,7692632.51,226
82829.99,29032.4,293200.3,12.36,house,5651611.16,67
90145.59,77945.04,944470.95,10.14,car,1806369.87,37
341353.99,196126.53,3910639.44,4.83,house,8922692.46,30
169737.97,81049.05,1924038.11,5.27,house,11034025.36,79
309961.35,126307.67,955938.6,10.68,car,1179743.83,2
144302.5,75025.29,2336833.32,12.22,property,3453877.7,12
47229.58,30367.94,839283.79,8.21,car,2248293.88,53
87700.81,43069.39,762534.93,7.02,car,1643246.35,18
305640.09,274694.52,4735543.14,1.93,car,397345.42,0
134736.41,54663.94,1241945.9,2.52,car,926921.07,0
166989.9,140733.24,139576.81,13.42,house,3923492.4,84
171322.13,113142.7,437613.84,11.29,house,10761885.87,101
58533.94,50777.01,1128839.04,0.17,house,3237983.39,262
212648.76,161991.4,59143.54,9.15,property,3512775.43,55
313116.67,166506.9,1943695.9,8.88,property,6553438.18,27
365120.13,237779.72,6843842.67,9.97,property,7788276.83,6
62435.41,28551.95,635440.35,10.63,property,1100068.34,12
22643.56,20807.63,384522.77,3.61,property,6596263.32,660
296498.93,184716.94,345435.0,3.94,car,2209372.78,17
194895.27,74068.8,2803349.7,5.17,house,6055733.55,24
132534.89,111528.32,1726394.73,2.5,house,7130313.16,181
189772.66,100315.73,162210.42,1.56,property,774592.63,7
300698.52,150101.49,606546.38,1.32,property,1584832.38,7
207511.11,183778.07,1720115.79,6.41,property,2330755.28,18
333717.14,283976.84,5868251.19,7.33,house,2048653.24,0
144103.62,53746.68,2107441.07,10.13,car,1140208.59,0
392501.27,155924.63,8736518.15,10.49,house,6909984.44,0
89893.53,71740.45,1556799.14,10.4,car,2141077.3,18
184705.41,77549.54,849542.79,3.65,house,9810349.87,74
224879.9,185803.44,3746987.4,0.68,property,4046888.0,8
309073.24,189204.55,5540099.15,10.9,house,8271101.64,16
37382.03,22025.58,162621.17,3.99,car,1195802.14,59
27113.2,16229.82,84441.53,3.74,property,6426936.66,328
261245.53,106663.58,1409627.21,9.93,car,440189.41,0
129375.9,100553.56,2567775.14,8.23,property,4964230.7,45
225754.01,143435.46,3021439.98,4.8,house,6175945.25,32
188865.56,118450.54,3365906.89,2.95,property,1775100.58,0
168223.28,99548.3,2667476.77,8.0,car,1689044.94,0
233303.78,129992.09,1162139.52,13.79,house,5604441.86,32
305325.86,189576.68,3424877.56,2.18,property,1750507.29,0
153618.02,93540.85,3671443.14,0.33,house,9011933.08,87
206487.61,101350.55,4565075.8,1.84,property,7616143.19,27
66927.72,39316.68,339412.17,1.55,house,3911402.92,118
80464.66,65700.58,1418355.1,5.62,house,6252332.38,155
102745.99,91472.22,687690.54,10.79,property,1292290.83,31
356207.99,329899.76,6512221.23,4.45,property,4493812.99,0
105537.7,62518.38,1916973.76,4.01,house,3619065.34,33
351869.92,207614.73,28183.77,11.62,house,10358573.27,55
279673.68,114384.81,3894116.93,5.85,house,7038966.35,17
261838.41,188870.74,870803.6,8.68,car,1619049.97,10
298216.24,273551.79,2326232.02,3.5,property,5191213.43,81
280057.96,257963.53,152706.75,8.42,property,3420045.38,99
214307.47,99828.48,4696968.81,6.41,property,7059876.48,17
86580.18,78985.76,1914569.67,4.52,house,2374973.12,30
31738.11,22107.54,349773.95,9.57,house,14861129.93,294
322766.35,301361.51,3874861.22,1.56,property,6784065.88,103
351392.47,314611.23,2065036.2,10.11,car,315143.29,0
32282.58,24409.61,671784.43,13.94,house,2449935.78,73
178494.05,90321.12,3067141.45,1.69,property,5353170.05,25
222984.91,81218.26,2573107.93,10.16,house,12457442.32,50
334756.94,262814.43,320615.15,5.59,property,5219511.47,59
187217.41,153977.73,465600.75,11.86,property,6151833.92,93
62477.82,28200.74,619119.78,4.76,car,2050216.82,37
99832.29,40759.07,1538301.21,1.04,property,4186826.98,44
112996.81,57176.35,800809.48,6.23,house,10944082.58,122
235927.85,166720.04,4310813.72,2.07,house,1850196.57,0
354464.83,243915.63,6072434.45,4.29,property,1687268.34,0
260879.94,165703.35,2754030.35,4.13,property,6538989.89,35
68850.17,49191.36,1419659.1,3.6,car,361610.35,0
100431.58,53406.9,1408214.87,3.63,property,4314436.7,53
350688.37,231486.16,4014464.48,12.6,house,10191995.52,33
243111.46,158182.22,3053503.8,5.29,house,10253082.8,64
350897.26,224304.58,4076009.29,5.32,property,7602111.9,24
150099.46,80391.01,808051.39,3.9,property,6419556.85,70
266998.73,150560.82,2943319.55,12.78,car,2147949.7,0
341383.46,279884.07,4294207.86,3.2,car,1099832.73,0
32479.4,23574.89,742111.4,7.1,house,8969340.49,261
223206.47,177394.4,4674562.85,13.59,car,1282592.27,0
218720.54,108663.72,4185103.13,2.56,property,6931419.57,23
106769.17,83325.67,454659.04,13.71,house,8951671.34,131
54716.49,25388.92,1090861.8,0.89,car,1449626.94,12
43128.74,20984.37,606228.71,8.14,house,2826648.16,68
355023.47,135139.57,6731382.39,1.02,house,3071486.29,0
51686.76,24212.03,672798.9,3.01,house,5549472.96,140
23648.94,14375.09,513648.67,10.08,house,11994844.17,251
94023.53,78364.81,1386463.34,6.39,car,853845.11,0
174724.17,89536.69,2646560.4,4.6,house,8441703.17,55
381545.57,202136.11,7941589.81,3.49,house,10650874.48,14
211163.67,153210.44,564922.23,10.59,car,1372676.97,13
141298.87,132059.71,1595568.28,2.28,car,1972963.19,30
275730.95,112151.02,5704519.75,4.79,property,4539425.71,0
89409.16,73071.87,1636944.26,2.99,property,2790378.64,53
311239.8,197053.82,5114887.33,12.99,car,1556218.54,0
78747.11,34950.54,1448437.84,11.0,car,1642271.1,4
79710.41,73654.35,1876997.28,9.15,house,12026691.32,207
122365.61,111316.75,1386103.82,11.99,house,6505680.27,113
136368.31,107189.01,2713940.82,4.41,house,7241521.82,97
169546.04,101774.11,3101564.32,5.66,house,6273761.44,36
326040.89,304845.44,6002140.95,0.27,property,2016598.21,0
271580.76,136756.55,5426520.75,0.33,house,12177419.59,50
143760.35,98617.21,688159.45,3.01,property,3800773.62,62
124105.95,48979.18,477811.71,10.12,property,4947052.0,47
381777.24,350481.0,7158121.14,5.46,property,4152810.11,0
126454.19,90291.19,1138145.28,1.42,property,3070189.48,51
224400.37,137529.29,1530780.32,6.61,property,1054915.7,0
391327.93,308941.43,7741819.15,12.24,property,2741417.22,0
95997.84,38668.23,564989.51,8.02,property,2455393.49,29
221790.44,116407.08,116316.54,10.81,car,2215595.71,19
285715.5,226696.66,6563685.98,5.06,house,11588188.18,52
101628.87,55160.11,555338.23,5.07,car,1790871.36,25
287542.92,144695.81,5159557.04,0.32,car,1712928.52,0
182385.75,152043.86,3493476.54,11.64,car,2308560.85,0
214659.43,77217.46,2252414.14,0.45,property,7048106.64,35
144286.6,97146.1,978770.22,4.67,car,1915754.38,18
234816.59,219444.68,4399081.41,7.44,property,6847245.06,50
53337.5,48190.33,780901.26,13.9,car,1987653.63,60
183759.76,94841.89,1990288.35,12.33,property,1641539.87,0
145563.19,66814.13,2009553.74,6.36,property,6045939.59,41
380431.4,336163.72,3665527.19,4.11,property,6711669.82,50
27171.23,13181.79,278548.32,3.62,car,1585628.26,79
311755.96,208695.23,4890423.7,2.8,property,7440174.1,22
359432.54,279977.35,4976180.33,2.64,car,753517.18,0
89002.95,32551.47,1285746.93,11.83,car,1488167.75,3
382771.03,209175.42,2896837.91,3.22,car,743743.14,0
82049.79,77504.41,458780.75,12.88,house,1868501.94,90
353502.29,324031.5,1044472.84,13.27,car,1276695.42,6
302698.1,240326.45,2763632.95,6.26,house,4181609.39,18
312973.82,220374.35,936287.35,13.57,property,7349624.08,48
295316.97,124925.65,5362528.71,1.69,house,11498667.01,34
156188.33,147943.86,1556115.12,2.94,car,2059540.67,40
156746.22,78870.11,421305.1,6.4,car,1136064.09,9
179605.3,166483.56,431337.32,5.05,house,12793217.57,358
184976.58,158836.59,1334914.26,14.0,car,1730951.82,10
327864.38,287066.61,124719.84,13.5,property,5355197.12,79
142842.95,62056.91,853623.06,7.9,car,1440968.44,7
73283.74,46307.09,68577.42,8.35,car,2205959.13,63
271161.83,155381.81,2699967.28,2.2,car,684202.46,0
217067.88,95689.66,4216765.42,9.36,house,13367545.06,49
61568.8,27547.37,735213.31,4.28,property,3298880.91,63
339741.5,245683.43,232205.28,0.36,car,2255404.99,22
33004.65,28820.22,723654.96,0.65,house,11793780.98,1200
294558.63,133094.59,707755.45,4.88,car,502672.58,0
395512.77,165105.37,4515389.32,13.77,property,3803118.73,0
345627.96,288825.75,5985.96,6.67,house,3230681.25,50
269422.22,153395.44,3967681.33,10.03,house,8152823.07,26
335813.95,232633.01,1014155.27,7.21,car,796214.05,0
51231.81,20844.87,496545.13,12.42,car,849513.35,10
115254.87,90822.93,832900.31,9.95,house,10522810.91,154
217568.43,151492.96,4613753.59,10.64,car,1021476.83,0
162412.87,70995.96,2870460.27,11.91,property,7295108.98,32
166311.41,63000.6,789897.29,2.55,car,1696187.43,9
337444.06,166257.88,3213252.4,0.16,house,8031905.61,29
150682.67,109580.62,2954547.83,8.08,house,14901433.57,126
192213.57,97583.52,2029143.25,10.43,property,6263832.9,33
371076.54,204965.15,7948698.55,3.57,house,11922105.16,21
193400.08,78888.29,3974206.38,10.69,house,2352089.9,0
158860.45,116822.1,3678268.46,1.77,car,2445193.35,0
335429.62,141607.2,5737419.22,1.77,house,5644910.47,0
185742.36,174706.85,369852.76,12.14,property,1869592.83,71
331610.12,292272.72,4066107.36,1.98,property,2163928.19,0
26353.31,20820.36,223857.56,8.41,car,1538342.61,120
221613.39,83813.55,2835709.51,7.55,property,7603726.25,29
221730.63,127424.88,532888.27,2.32,property,6942056.11,64
105977.85,96269.15,1821341.98,7.57,property,3680118.08,71
96834.53,36733.92,2252323.94,5.61,house,13662914.37,121
389363.37,345072.0,4373368.11,1.91,house,1504773.77,0
115505.11,78942.48,863808.26,12.92,property,4954886.99,63
45389.63,36452.49,152839.51,6.73,car,1982104.45,129
326655.55,300701.58,1900845.69,11.01,property,3642569.59,35
244738.23,122159.62,2058193.72,3.17,house,3395944.54,11
172547.4,135551.06,2426415.66,9.41,car,1275438.98,0
275450.47,222109.69,71192.07,1.64,house,8577252.91,145
313230.05,222101.37,1745426.91,6.14,car,1490770.86,0
251813.57,111353.46,5319673.66,10.56,property,3060328.93,0
123399.06,116337.63,1129846.85,12.48,car,1679176.34,26
181846.02,82025.94,3097611.64,12.12,house,11739203.69,51
105360.7,43390.71,2522601.38,8.45,property,6988138.01,48
111691.19,96052.1,1325636.24,9.82,house,7192600.59,127
262462.76,228106.48,1765032.06,10.14,house,13713873.33,133
263300.86,144103.98,4214784.22,3.52,house,2621760.36,0
58429.77,48706.76,340403.75,6.93,property,3753252.75,172
120986.58,114741.44,2399195.36,6.83,property,6780590.2,144
162812.49,107680.94,3615387.14,5.36,property,1308482.59,0
338518.15,249016.21,800880.28,1.33,car,1093541.82,4
275591.57,245903.13,2790062.55,5.51,property,798986.92,0
265893.62,163297.78,2940206.79,12.09,car,2368433.4,0
329001.06,239141.33,6140192.27,9.37,car,775286.98,0
88680.32,64587.01,700139.47,4.09,house,12325585.82,269
297041.8,255354.37,1807303.72,11.46,house,6257109.08,58
386923.67,199644.67,7277660.87,4.54,property,7932317.68,4
120006.01,99147.12,603047.51,10.79,property,5362151.83,108
301467.81,241774.62,5650482.78,2.41,house,13064725.85,95
146830.04,105694.38,2607205.81,11.71,car,996375.12,0
136217.36,122391.68,295643.39,5.68,property,4228945.2,170
90753.02,52602.07,576493.05,9.9,house,6049516.84,88
186352.26,105638.98,712092.4,2.36,car,545257.33,0
241101.8,215858.0,4051831.25,7.85,property,4536907.69,10
171229.07,131398.05,816226.83,1.27,property,7360229.78,149
272012.27,234291.05,951599.74,4.76,house,6856215.98,114
370078.16,152537.2,8491739.16,11.4,house,9781170.39,5
388883.2,211669.82,2098334.65,11.57,car,1505571.88,0
273658.1,140734.97,3247727.93,11.67,car,839773.82,0
105816.41,78170.5,548471.23,0.17,car,2422099.06,68
345861.91,221339.16,3643585.17,7.79,property,1941793.32,0
90702.06,59967.01,869905.65,8.06,house,11581702.53,163
288563.45,271004.28,5564145.73,3.69,house,6420946.14,24
371692.22,182435.27,4820423.81,1.08,property,1508696.02,0
346778.99,326580.32,2054834.91,7.54,car,512567.1,0
368642.19,347003.83,6267099.39,7.5,car,2075957.85,0
249554.8,195167.76,4297720.23,9.03,property,6658081.5,25
105106.24,53759.75,2110399.04,6.44,house,8211294.78,79
185750.02,171242.64,763839.05,7.84,property,5377081.78,144
360419.82,229218.31,6109626.42,0.89,house,2383072.25,0
293170.14,202830.4,6665641.54,10.19,property,4983038.87,0
183715.41,148555.79,587992.73,5.55,property,3890837.93,74
224590.37,169520.94,1781629.98,7.98,property,7597008.4,69
74808.57,50403.59,1223248.84,4.4,car,2435954.75,40
40128.95,32210.7,565767.8,10.84,car,1650471.01,63
221313.35,174445.43,3890987.97,3.48,property,6303006.52,40
396044.27,337209.38,280281.05,13.0,property,1396250.72,17
53860.18,49426.85,741981.52,13.29,house,12366338.31,220
164890.47,104646.84,3352944.32,2.56,house,6294618.85,42
288759.92,253369.14,3462914.02,2.58,house,4208198.47,18
153456.26,113302.15,300412.36,6.32,car,1452508.0,26
27752.29,19806.69,654072.7,0.83,house,2789119.36,235
20656.98,19439.82,6236.0,4.58,house,1873323.04,502
363955.12,250407.97,7506431.26,13.38,car,1700259.87,0
209316.52,140478.26,4901896.6,1.36,property,7344609.72,33
247892.96,172134.64,5303541.48,9.89,car,1416123.2,0
329457.36,203296.23,4918792.7,13.09,car,2075850.64,0
138432.83,72657.66,1159692.88,2.53,property,1755389.82,9
57894.2,26972.66,215717.42,8.58,house,14160546.54,198
372870.46,253100.09,3479739.08,6.27,car,1771151.18,0
44876.16,22336.36,152271.68,13.45,house,4042592.5,93
173628.18,98098.68,3819585.99,12.9,property,5807280.76,16
338843.64,138677.93,4227498.36,9.29,house,13810204.86,36
233938.74,180442.46,2928947.62,10.6,property,2006990.66,0
141720.24,87688.37,673595.79,13.22,house,6957214.16,69
163285.44,105201.41,1925093.83,4.5,house,9730453.69,99
136241.08,128798.56,2520157.35,10.79,property,913366.55,0
335877.74,155460.12,718946.28,12.49,property,7252072.59,30
226259.07,166200.74,4014326.75,7.48,car,2426890.04,0
166262.53,93283.15,2145838.74,11.53,property,7052789.03,43
300645.23,199745.89,1286449.77,5.19,property,835405.31,0
101507.4,63375.16,452411.33,3.1,house,2485007.0,49
97371.13,46158.02,1496604.71,0.22,house,4281402.83,54
281968.02,255064.7,32068.46,3.37,house,14789426.53,332
395092.49,334225.85,3525335.46,11.73,car,643043.78,0
247525.62,178975.44,1533779.42,12.91,property,4779048.0,33
348222.48,252710.02,1712220.66,12.3,property,7353021.36,41
175497.29,62500.98,3468759.86,5.28,car,2096794.21,0
205522.27,145936.79,3090415.79,5.54,property,6253449.56,40
68977.53,52678.12,116750.31,1.6,car,2284877.71,122
205643.99,94599.35,1615762.39,13.21,house,14396782.26,68
291708.88,223744.08,1993936.05,4.01,property,2461243.92,7
309175.93,181468.88,6571346.15,2.83,car,1520449.97,0
209227.54,89187.22,4999158.0,6.57,car,545094.58,0
34451.88,20079.87,69130.89,9.71,car,831854.06,43
253821.91,155558.6,869646.92,8.36,car,1758328.88,9
211375.33,197573.48,3898856.24,10.15,car,1551362.97,0
380463.98,211084.65,8678362.63,12.91,house,7737478.26,0
362593.87,139184.16,3307154.96,13.26,property,977370.35,0
89906.0,41950.45,1419821.94,6.14,house,2436668.91,18
113394.93,75649.61,1515463.67,2.01,house,2265627.22,19
280209.87,166992.34,3593010.84,8.66,car,1892974.6,0
142229.38,53059.81,3077341.78,9.58,car,1138669.46,0
233830.43,196002.19,4313865.2,1.67,car,1976787.75,0
33374.18,22605.99,15854.09,11.54,house,14152347.64,272
265020.26,137673.01,3918371.74,6.3,property,2282517.86,0
206413.69,103212.09,4855499.45,8.91,house,13912258.05,54
78192.41,52535.35,675836.03,2.02,property,5982339.01,172
385955.08,225039.24,2382525.0,2.24,property,657028.44,0
326071.18,142294.29,3599294.25,9.95,property,6887627.36,15
395245.96,167985.28,5942917.39,2.91,house,7185398.84,6
178735.74,141213.67,1904148.55,5.44,house,6060317.98,76
272841.9,117286.22,3470134.94,3.44,property,1932238.07,0
93948.74,82126.57,1486628.22,8.66,house,8900774.47,170
310311.1,184611.79,4796168.73,2.99,car,1334511.39,0
226274.91,140605.39,4912931.84,13.38,property,3590883.85,0
95775.7,52926.6,2045595.85,9.24,property,3738378.64,27
378415.73,137857.32,1875004.04,7.94,car,901303.96,0
303469.25,208792.43,1135137.76,5.63,car,631503.17,0
140266.46,69771.22,2485967.26,10.68,house,5768897.14,31
374547.68,268698.61,6609876.27,12.26,property,1227984.6,0
44836.44,16270.23,990173.36,12.17,house,13010112.49,142
139051.67,123906.48,677483.36,2.11,car,976636.06,19
45088.77,32641.52,341412.22,12.66,house,7913678.99,171
287369.22,150536.82,700027.9,7.87,car,659164.84,0
65007.38,58255.64,639173.17,7.86,property,4021757.57,170
393655.15,300743.96,8537450.61,13.67,property,7590513.64,0
365490.23,149208.23,345417.62,12.32,house,6621491.68,26
84774.02,30685.86,1400035.88,11.45,house,9396031.26,80
89096.79,78974.76,2074807.79,13.25,property,3078716.14,27
149115.13,59796.11,1324028.39,2.48,property,2750784.06,16
169573.99,74560.26,4040867.24,11.07,property,1978488.7,0
261004.65,137134.37,4966074.09,11.01,house,9637969.54,25
323740.71,116408.52,6923242.04,5.85,car,1103475.15,0
116031.99,76355.28,2734743.4,12.66,car,1377139.91,0
364210.33,138839.4,2087396.57,4.29,house,14948078.08,51
148256.77,76159.79,3540715.84,9.19,property,1101831.4,0
229484.16,98308.7,5387821.82,8.74,property,4802394.52,0
135029.98,63435.12,1523530.18,5.44,property,5539279.38,47
284805.31,157036.22,5489766.2,11.95,house,6997133.0,8
150008.9,137369.71,2588975.21,7.73,house,5302155.32,73
51656.33,32023.02,832875.13,11.28,house,13129968.35,177
360411.27,131119.23,1111731.79,10.67,car,463712.18,0
161887.55,71619.65,3113902.07,10.9,car,321219.54,0
25109.94,20946.51,524391.83,8.64,car,1582060.81,94
386944.85,360425.91,5859919.86,4.63,property,1293745.53,0
66351.79,51256.0,317726.31,10.44,car,708264.58,21
292936.67,118625.16,3043982.54,9.6,car,409996.99,0
50176.54,27207.88,637442.99,6.66,car,1858122.78,42
208214.14,161108.69,2344710.08,10.24,property,6987561.7,55
43281.21,19950.76,6558.03,2.46,car,879175.51,37
353707.13,245918.58,1607349.22,1.74,car,714036.73,0
342474.2,275271.08,1871680.76,5.53,property,2725396.22,12
176667.15,129736.76,925417.44,3.51,house,11428482.58,165
221609.32,164634.74,5149167.26,3.52,car,442237.34,0
43857.53,24408.21,771451.36,8.68,house,2579346.76,59
310484.85,242074.42,89411.77,10.42,car,1000475.71,13
313126.72,281402.6,5246069.81,8.48,car,1552242.48,0
296316.59,160437.18,2546752.41,11.35,house,8245881.57,31
310096.74,166858.34,7435604.57,2.66,property,1779147.05,0
282528.55,168341.66,5966831.2,4.54,house,7758922.08,13
361654.04,224697.77,1233236.42,10.51,house,14320060.42,66
351877.47,289580.79,3221429.93,12.18,car,1178720.16,0
25301.06,20868.95,401844.88,2.42,property,7595322.0,659
102457.64,36867.7,1161348.87,3.79,car,347697.48,0
169048.12,89952.75,3875377.17,7.69,car,717881.33,0
250593.5,162756.0,2616843.11,11.92,house,14582848.84,73
42708.96,39585.38,68579.73,4.53,house,9705538.3,655
73761.56,48775.4,874927.06,3.03,house,1675062.51,29
137042.92,61006.22,2073598.69,9.58,house,9756961.26,64
247664.01,165385.58,2027460.26,5.23,property,6980731.52,49
160435.67,149567.5,243060.0,6.26,house,4822483.01,210
378939.17,289118.86,8277360.29,12.64,property,7368034.33,0
389560.59,320251.41,5188907.33,8.08,house,10927448.88,47
362705.21,337056.27,6803726.93,8.01,car,1857830.74,0
251567.1,210811.51,1503963.13,7.89,car,989612.11,0
354676.7,205884.86,1262837.4,4.5,property,4182053.58,19
248987.92,220241.35,5726359.99,3.72,house,6759282.45,22
93409.05,75845.11,1595966.82,5.09,car,1342243.26,0
104866.66,36895.44,896405.53,8.69,property,1595901.47,10
123647.88,67019.79,2923880.25,8.47,property,2000437.55,0
328076.86,151872.37,7273142.58,8.47,house,11401168.89,18
299488.05,139850.69,5741893.99,3.95,house,7210382.9,9
331062.88,118039.94,2073681.6,2.02,car,363406.72,0
264715.55,159584.81,2341980.68,10.86,car,1282707.21,0
165167.39,73365.22,1760575.85,4.4,house,7655233.69,55
95156.66,67934.77,650329.81,8.21,house,14407425.06,203
67087.68,58409.39,889703.57,5.16,house,12729358.6,379
162511.04,59361.89,1693727.56,4.53,car,1018543.02,0
337707.86,125195.19,2292973.59,7.92,property,795361.05,0
214449.18,168056.53,3673072.48,6.95,car,607805.16,0
58856.22,26369.3,1008353.71,1.29,house,14626312.36,338
148500.06,88741.42,2676032.93,6.89,property,966128.39,0
178214.11,146819.42,2970843.19,7.67,car,2091601.13,0
190429.3,79818.34,4165485.64,3.65,car,424331.19,0
279738.34,101974.45,4316267.82,9.76,house,2072330.23,0
103220.34,50536.62,378110.35,12.19,property,2895942.62,37
167259.6,122199.59,1588867.64,7.14,house,8145068.06,91
274463.99,210863.78,3623129.38,0.56,property,770041.91,0
107212.28,69138.95,898991.75,1.13,house,8373506.56,177
335033.94,197103.45,1224261.06,0.1,property,6081904.2,36
126938.52,86795.18,1556407.24,2.24,car,1959177.24,10
117385.73,54873.54,2529694.69,5.5,property,2640362.98,2
30950.64,22037.5,483876.35,7.17,house,4261965.83,180
62823.53,36592.9,160923.15,13.06,car,740313.8,19
236678.65,188955.67,4731280.25,9.44,property,6633952.2,21
157156.56,60131.33,2361563.88,7.94,house,4426881.78,18
29048.76,10382.5,578363.51,12.05,car,1399103.97,30
293578.0,229572.58,3226194.4,5.47,car,2325801.69,0
202466.72,143355.39,3863080.41,9.34,car,470883.08,0
60759.4,21275.66,45496.55,0.7,car,2382931.65,59
373460.58,198706.4,3418696.26,7.95,car,513911.87,0
159858.91,117890.07,3725122.62,10.39,house,2527343.28,0
178645.07,64926.18,3303263.21,12.58,house,3414814.12,1
193632.51,176079.21,4569493.55,12.8,car,2322693.99,0
302819.0,229869.05,220701.31,13.03,house,3856847.41,40
62782.97,49277.44,685958.58,12.41,property,4680836.1,107
122625.4,94633.21,1411835.24,10.24,car,774046.26,0
171064.8,98611.16,152567.22,6.05,house,7067727.41,78
389704.71,271256.46,411843.47,0.88,house,11083673.55,88
293170.92,138265.03,1880640.58,9.4,car,816600.7,0
190235.87,66804.97,2968511.49,12.23,house,9045749.35,34
287119.84,236925.05,4930899.51,10.4,house,6414469.73,16
247258.65,154228.69,2803765.81,2.29,property,7263656.7,44
295955.47,199610.19,2277989.88,8.95,house,3848496.88,14
172676.09,108870.64,1439858.02,4.09,property,6137444.21,62
207914.06,140417.08,1798018.41,6.04,property,2399002.3,8
72303.77,65422.72,1120067.73,6.31,property,6963499.7,234
82424.94,30963.21,1001666.51,12.04,property,1587878.7,10
149826.95,109316.51,2678164.81,11.92,property,1546409.75,0
330178.12,156335.27,5493224.74,1.14,house,13389760.71,44
396391.49,268118.43,4942864.12,8.06,house,14115821.09,49
272562.04,122331.6,1483494.07,9.94,house,8103929.89,36
143685.17,122402.71,1287380.51,13.12,property,5426689.22,76
169263.9,117843.5,3046044.58,9.63,car,796792.6,0
264682.86,117365.86,4408194.62,10.55,property,504470.9,0
321565.72,209888.08,831961.52,2.02,car,1828862.26,9
136491.25,109668.04,992097.94,2.93,property,1224404.19,8
329507.85,119974.92,245924.45,1.7,car,2120844.53,9
278582.98,108706.73,3026075.45,1.67,house,10431398.19,42
24016.01,17016.22,197797.56,5.25,house,7285072.39,367
244082.5,155496.1,3601504.75,0.59,house,14689681.73,120
209998.04,117787.52,1289130.15,6.63,house,11664392.42,83
312519.21,188643.16,4403706.07,12.33,property,4177313.48,0
30384.69,11339.66,355463.23,12.68,house,4904111.14,108
54978.56,27337.19,1096004.25,8.84,car,1300309.63,6
304639.84,150744.08,7194376.36,0.48,house,8960447.84,12
287535.23,178478.7,4235168.0,1.33,property,1462881.16,0
347832.34,284701.1,7809850.48,6.22,property,1859249.57,0
124401.64,85716.46,2392415.67,7.5,property,865361.59,0
242551.2,186504.88,2858799.69,12.63,house,13022993.34,78
35130.27,24966.1,359788.69,9.62,car,738070.78,27
204774.03,72370.32,3812434.34,11.3,car,1999417.87,0
36672.38,16854.87,299308.57,9.56,house,4587889.08,118
188973.24,145597.84,4134682.41,1.42,car,590397.81,0
391942.84,279503.68,222732.04,6.95,property,3724800.96,29
289195.35,256982.94,2556174.29,7.61,house,7894383.04,84
125982.84,86218.74,1276725.91,0.91,house,13350043.85,268
272586.88,173031.42,3317580.12,3.41,car,566223.93,0
81558.22,56458.87,1300966.43,6.25,property,3299876.49,55
119942.54,46788.54,2274105.27,2.6,house,3063972.66,11
35107.19,16551.93,253060.86,10.45,house,1651113.88,54
42797.71,35216.2,115813.27,9.32,property,4478894.74,208
135270.77,113205.01,1037351.09,3.41,house,12316541.43,291
91693.46,58212.12,1053523.47,1.39,house,8965939.35,203
258271.32,223460.4,439589.39,9.34,property,1590519.63,28
308996.85,196711.42,7340778.26,1.02,car,843549.21,0
306297.22,261535.73,2659070.44,3.15,house,6986284.77,76
305900.96,114940.86,2352899.0,5.52,car,1777643.16,0
373696.39,218412.74,5438955.29,12.14,property,7306309.23,9
202159.0,185912.04,2472229.72,5.69,property,1679638.44,0
247611.96,129396.22,4594286.48,6.06,car,1218096.16,0
233440.94,180376.22,4353475.58,10.82,car,1112946.48,0
169441.59,106528.65,3280977.7,12.84,house,12790380.38,67
250012.43,225410.23,5132528.6,6.58,house,6712267.02,28
351040.44,267868.78,5857457.09,12.93,property,4995064.11,0
318610.1,137754.39,2577493.98,9.68,house,8691978.04,28
254219.33,98576.25,3838435.54,13.08,house,9524856.54,26
106580.05,96571.32,829186.85,3.35,car,1066729.07,19
136412.1,115328.4,1694800.61,5.76,house,9569766.87,174
274480.16,127087.52,4038506.02,11.02,property,2712614.74,0
281099.28,159352.98,3661774.14,4.5,house,9353611.85,40
85897.93,67408.88,1806218.42,8.94,car,1615888.74,0
260708.81,144021.61,5551679.0,11.33,house,4816056.48,0
204050.46,104564.49,2782543.35,7.52,car,860396.57,0
47379.09,20119.89,428188.01,7.71,house,1544105.48,34
91792.67,83574.77,2043978.4,6.37,property,4876877.05,110
125294.83,86512.6,598979.51,0.71,house,9979521.8,225
206032.65,85472.13,2161722.03,4.38,car,698430.4,0
157307.27,130687.72,205766.01,11.86,house,2950731.98,68
223384.6,95263.09,514091.74,10.4,house,4266051.99,26
358698.38,247480.51,84848.8,4.73,property,5896789.68,48
127991.48,63280.03,677139.24,8.45,house,14025995.78,122
154349.55,75911.79,85030.79,8.18,car,678053.14,8
387231.89,224580.25,5034429.16,0.24,car,500591.05,0
301373.32,282448.13,1950940.14,6.81,car,841624.5,0
174432.84,86381.71,2552052.34,12.49,car,914835.5,0
21203.98,15960.17,221467.88,12.05,house,7523230.28,239
108228.68,92900.18,1061163.86,6.22,car,1926161.66,38
166100.7,119431.68,1515486.69,7.58,house,4269238.34,43
275858.24,168822.53,5793994.41,4.79,car,1397870.73,0
253942.38,216595.42,3696713.96,5.22,property,1080177.15,0
338037.1,256897.07,1366061.91,5.66,car,991265.92,0
173938.87,86840.61,1213448.25,3.23,property,7082979.25,60
385048.93,293366.97,5205637.7,9.04,car,1294940.78,0
324038.24,189018.61,2684468.77,5.33,house,7389939.96,31
189224.47,114382.92,1986231.81,4.88,house,6449029.17,49
398897.65,254145.05,1613540.9,11.95,property,4378773.45,16
221755.89,103654.77,193158.1,5.34,car,1973562.53,15
54189.55,48744.04,120140.55,9.73,car,850860.46,81
219596.47,110476.17,785431.6,1.98,house,5259931.72,40
368065.89,179414.9,2752529.37,7.29,car,2217982.24,0
255958.97,177524.29,4810599.78,12.21,property,1819579.46,0
228216.65,208866.08,4901666.44,3.31,car,1625795.54,0
49278.04,40097.63,318191.2,10.96,property,1431029.61,68
195764.11,157886.92,3397878.4,2.14,car,840422.39,0
23323.67,20134.02,428978.01,7.19,car,1402008.79,118
360038.51,211084.6,1443045.26,6.57,car,832236.25,0
251408.26,143381.78,4725414.08,6.47,house,3864457.57,0
61752.95,30810.33,948727.05,10.56,car,2462283.86,34
71643.62,37421.0,909403.46,6.86,house,8929262.61,136
295969.28,261422.45,3314525.93,9.06,property,3154516.14,0
250096.52,195328.76,4497795.67,10.52,property,7526525.81,29
83420.3,72138.21,252743.17,0.51,car,1619556.08,118
159650.48,84465.53,2315809.74,5.77,house,5543492.49,35
29072.82,18674.43,523528.07,3.02,property,6127606.28,315
190977.37,134497.33,3477726.22,1.96,house,6850870.42,53
74079.82,65953.43,1606637.92,3.54,house,7795712.15,300
196777.79,173052.3,2188008.29,5.82,car,839805.21,0
75304.24,55274.35,183052.27,5.24,house,7778707.13,219
166891.6,123843.45,1735868.93,8.38,house,12584771.95,125
229610.56,85946.59,5407920.77,11.86,car,1075461.35,0
93522.13,84468.37,372469.62,13.89,car,1937542.97,75
233404.24,90078.21,2854104.61,8.83,house,1825887.94,0
173296.58,143681.36,1914404.43,8.7,house,6467561.67,79
324465.1,227570.97,6880215.32,10.62,house,11809135.24,28
33739.25,27584.7,590030.21,7.93,car,2497017.97,124
78265.4,66120.79,620147.61,10.0,property,5919076.4,153
121500.22,52892.3,2668129.77,1.3,house,5222757.66,36
103690.27,39029.85,30148.32,1.86,house,9185480.86,129
178683.84,151086.71,650322.49,7.66,house,14870754.97,213
100034.07,94493.78,392273.08,0.52,property,4119984.32,575
45113.85,28466.11,1062374.02,12.95,house,3042199.75,53
274378.51,229658.62,2256952.93,10.19,house,12983016.72,105
383154.0,193435.3,5136426.94,12.45,property,2979498.98,0
272677.77,181610.35,4369946.12,11.7,property,4400362.11,1
126006.55,88999.71,2711429.55,3.17,car,1254521.41,0
123431.64,112812.08,890393.26,13.62,house,2192368.7,48
244843.28,203465.81,1513967.53,11.54,property,2177189.09,12
317721.05,279101.32,1896703.3,12.67,car,1834239.79,0
212220.59,126820.27,2036557.27,7.93,house,2595244.23,6
81729.28,52200.84,1821078.46,0.93,house,14002680.82,344
41623.15,24705.62,431716.4,5.8,car,1034328.88,30
160744.44,85966.84,1876929.05,13.97,house,9443713.52,56
174020.72,149600.4,1196431.15,8.55,car,1039444.83,0
247233.22,174563.37,5062536.87,1.41,car,2051627.46,0
23226.15,15659.59,274615.83,1.29,property,5359773.21,492
396898.16,139411.42,1691482.21,1.87,house,10662986.28,34
368871.76,284027.8,5896561.68,1.23,car,2264335.4,0
145453.86,54307.43,2034713.92,13.83,property,501598.36,0
370569.43,305247.53,7978117.84,11.54,house,2951769.36,0
245480.66,176564.68,3099463.32,11.65,house,3371316.05,3
195687.9,168572.85,739202.61,10.87,property,1220901.42,14
250463.76,191208.85,192558.97,11.93,property,1721048.87,23
199610.92,124059.2,4559294.99,4.29,property,5792430.71,14
172415.73,143825.67,972942.33,13.78,house,10494447.42,116
100007.97,62682.2,1687897.56,0.52,car,1592902.81,0
64732.89,26838.56,697437.66,2.09,car,921445.57,6
146436.72,79364.34,840853.9,6.74,house,3155349.8,30
264838.19,242471.87,3509340.56,8.23,property,2073289.09,0
199826.75,73996.18,750697.72,2.68,car,407606.8,0
339626.11,282628.85,3175306.39,11.38,house,10387447.57,62
171046.06,132643.66,1328328.32,1.86,house,11561296.96,214
288806.12,215172.95,6640681.74,10.52,property,1879714.12,0
350286.18,157105.97,2106764.38,1.31,house,3500264.95,8
356003.27,175870.61,5159955.52,13.4,car,1885725.66,0
178790.67,145270.28,2709914.34,9.96,property,3297679.19,11
21040.18,13458.96,416254.16,7.02,car,625172.85,20
278535.17,240839.46,4973874.67,3.83,house,13509416.0,130
397579.81,285254.87,5841794.41,6.09,property,6502095.85,5
192881.95,150730.36,2532724.47,7.54,house,2100934.41,0
146390.05,87014.51,2203027.68,11.09,house,12698962.38,87
178553.15,112153.85,3789759.71,8.01,house,12769829.3,76
104701.83,53274.42,2240233.45,11.93,car,1770550.9,0
240234.22,140990.47,24705.8,3.21,car,2394418.9,24
190714.97,112176.28,1968227.78,13.42,house,8725978.09,51
361807.68,330674.18,141916.05,12.16,property,6459722.91,108
263207.47,140479.74,3791735.04,0.72,property,2100609.15,0
271289.66,141758.15,754434.8,3.29,house,9070188.64,59
144863.21,98077.89,696237.18,9.59,car,1023304.63,7
113326.6,72293.16,270514.96,13.04,property,2436449.14,40
269833.72,203208.14,2691271.78,12.68,car,1904155.94,0
157343.26,127299.45,1090496.43,13.97,property,4615105.01,59
46064.11,43285.9,965379.79,11.94,car,2397888.17,78
45073.26,36608.67,820457.33,3.78,car,549415.67,0
191490.81,80974.46,3520366.02,10.91,house,8395524.57,30
202871.91,145787.73,3824526.68,4.99,car,1077128.36,0
167394.66,77600.83,3796272.7,10.15,property,6532815.02,21
321457.74,129179.25,489384.52,2.04,car,1448590.76,5
282021.33,131563.59,6708363.66,10.6,house,1902152.95,0
344332.37,284280.52,3573356.4,11.3,house,4366859.74,9
92254.6,67575.9,1712533.33,10.47,car,2447501.98,18
302967.48,257736.46,6789837.26,10.93,property,6281292.62,0
167164.73,122952.4,798832.41,0.59,house,4039087.11,72
236956.93,85369.14,3779445.49,5.22,house,7109704.71,20
338257.26,315171.29,6997921.87,1.19,car,1608226.68,0
233336.67,97977.21,760324.56,6.92,property,5944277.6,34
149467.27,108358.97,116513.07,11.69,house,4821507.26,76
224090.98,135661.18,209419.96,1.49,house,10475119.49,109
399393.18,306551.86,7818776.66,13.99,house,6089206.13,0
176571.34,69681.82,2250065.47,1.05,house,11471483.36,82
174610.93,63853.24,1194989.25,2.59,car,2212910.75,9
373935.92,266146.59,7642381.71,5.08,car,2444206.0,0
311839.54,168701.15,925991.03,8.07,property,6502786.91,34
107977.36,55706.49,2180625.83,7.7,property,7347299.07,64
50271.99,39095.94,1128356.07,12.18,property,2729048.01,54
229899.36,121508.17,4940036.03,10.53,car,986162.83,0
353626.42,143494.7,2828444.59,10.38,car,451244.61,0
380613.85,267564.9,975851.56,6.68,house,12428257.8,78
174275.7,72173.59,664228.61,13.16,car,480419.53,0
83984.33,62072.1,1146920.65,12.13,property,6591861.61,97
198719.96,156442.13,604083.65,10.33,property,4322633.4,61
396065.8,139879.31,4971181.48,3.83,property,6321967.34,5
91268.98,61929.5,130050.98,2.95,property,3413308.55,99
333509.64,175300.6,1090260.46,13.63,house,13795074.19,55
129311.85,64580.72,2657017.0,1.75,house,4942490.34,33
249997.25,87716.93,687656.75,8.27,property,2397021.59,10
68712.59,31650.03,1056778.62,1.68,property,2365850.99,34
290205.91,141769.47,1741207.44,0.65,car,1804949.97,1
70525.59,33914.44,1623893.63,8.04,property,2076537.23,10
62094.25,47671.89,616008.45,4.78,house,3449179.95,129
295239.4,242497.39,6156103.87,4.55,house,6612782.63,6
217169.05,111850.48,3456218.06,12.01,car,754919.22,0
154207.71,134464.6,3175865.59,9.27,house,8100332.43,81
124081.03,47071.39,9104.75,6.49,car,2019064.79,25
336802.22,269103.15,4237904.1,2.85,car,2238874.5,0
73465.19,38025.35,751376.58,0.19,property,989712.73,7
192683.04,102491.46,1037324.12,2.81,house,12832817.58,112
386133.11,197616.63,4451499.58,6.13,car,337720.7,0
109079.97,69979.33,572991.55,13.28,property,5314163.74,70
74983.02,38286.74,667350.26,3.57,car,897986.64,6
270151.65,224138.56,4839407.6,0.28,property,7678655.99,60
60705.28,53983.1,367289.42,3.42,property,7485287.19,452
345223.06,239808.58,7659234.85,12.91,property,4227775.21,0
220764.56,97016.7,103688.91,10.76,property,3647946.2,26
149692.58,95595.41,673156.26,10.26,property,6231216.62,69
115443.73,96136.45,1624133.58,8.8,property,6814325.2,110
248597.49,171137.79,573305.17,6.61,car,2258565.55,20
143391.72,123987.65,1228169.55,10.62,property,3000718.88,48
106479.52,98440.43,41990.52,1.07,property,7219439.8,656
107895.68,93861.79,530741.51,5.77,property,1044529.73,29
278765.09,260800.45,2952330.83,1.9,property,2109003.05,0
160933.25,59862.27,45181.67,8.22,car,2480894.28,23
264347.31,233651.55,5666143.26,1.31,car,1645902.88,0
55533.86,27777.48,797453.08,10.45,car,397175.22,0
281818.74,190127.63,4445726.91,9.74,car,2337702.08,0
206028.79,194770.18,3934600.81,12.42,car,495162.41,0
241494.1,218524.78,1609335.76,5.98,house,14117840.17,222
306264.41,209415.06,1207620.32,10.34,property,4787781.68,30
273573.47,127355.77,5399119.15,3.28,car,1911368.5,0
94425.3,44893.81,300562.91,6.45,property,3871002.59,60
255085.56,94099.67,4443042.62,10.14,house,9966262.64,26
354463.22,187779.08,5842345.66,2.16,car,2133963.27,0
80446.17,46405.51,330875.39,0.49,car,1805767.21,43
359302.15,149151.59,6591764.9,2.96,car,1213116.25,0
185155.01,142534.65,738498.25,9.99,property,4662479.99,62
277313.86,255123.24,6203304.85,12.59,property,7883056.43,18
356827.52,158587.81,8540032.82,7.46,property,2116906.89,0
190642.26,86414.51,3828203.43,6.23,house,5013087.02,10
101375.9,80091.89,1877829.26,0.28,house,5489711.95,164
313572.07,197212.07,685027.64,8.14,property,1450842.08,7
40441.03,32037.47,517848.63,12.0,property,4094912.57,130
365546.53,255296.75,6471158.57,1.89,property,1848444.46,0
352803.65,292603.26,2036237.98,0.71,property,4577528.84,41
48185.71,32448.34,96642.67,7.35,car,871248.08,42
146188.83,63110.88,625606.52,5.99,car,607367.34,0
320210.69,246326.98,686914.12,2.07,house,2464375.62,24
293949.54,199308.3,5204607.81,4.51,car,1798945.66,0
397245.72,219521.52,315630.38,0.16,car,2005669.36,10
282535.75,245165.16,4903170.68,1.17,car,1966628.75,0
327029.41,229412.55,648559.03,2.67,car,1265753.93,7
359831.84,265746.11,494388.02,8.83,property,693809.48,3
76914.6,43226.16,699698.34,1.61,property,5342052.76,124
305961.15,154963.95,624457.69,11.38,property,5511076.75,28
225205.07,117626.93,2822569.93,10.75,car,686594.93,0
310026.89,201780.77,5865534.08,4.4,house,2045172.71,0
185182.17,67730.53,2663119.52,0.04,house,13458202.41,92
163600.38,119755.6,348227.55,10.13,house,8655475.49,109
173969.67,119656.5,984536.58,2.09,house,8407714.72,120
396453.66,226668.33,466209.64,4.34,car,2027307.8,9
162623.7,61004.04,2787844.22,8.75,car,1194810.19,0
111348.15,79197.65,1641384.28,6.44,house,12118063.51,162
26457.86,19172.39,404008.3,13.14,property,1885748.21,80
44515.52,22733.47,50199.19,1.71,house,4913004.1,194
220858.8,195266.35,4851304.6,10.34,house,9945308.52,59
118291.42,102223.59,503765.51,13.28,house,13386128.84,185
114625.83,53451.6,1975731.29,2.63,property,981244.42,0
121763.79,53931.2,191501.96,9.75,property,5584272.83,61
295876.05,196175.91,4581482.64,9.34,house,7003156.36,17
80265.29,39781.86,808688.28,10.04,house,11250367.93,126
341115.05,207579.91,852183.64,13.45,house,2609271.74,12
351908.79,296737.29,2463012.35,13.75,house,3615072.15,13
379533.85,217927.95,2647129.22,12.23,car,1187214.2,0
107050.04,80871.01,873350.34,9.56,house,4087572.76,73
348877.85,274757.98,5598772.58,6.58,house,7051086.95,14
126319.3,66236.85,1745357.1,11.41,property,7372058.38,56
28546.96,13860.11,74654.98,3.38,property,4257273.73,208
87812.76,82489.55,698746.28,13.61,house,9736285.73,193
284932.42,214897.93,2324563.06,4.06,property,931425.72,0
344126.85,169754.42,7569297.73,2.93,house,4123440.39,0
219960.76,154472.49,4663943.72,1.71,property,2164091.19,0
73738.11,30328.88,167370.57,8.4,property,3998375.14,68
353866.68,150134.06,410459.88,13.66,car,1605298.95,6
259731.97,121760.81,1351326.77,5.67,house,14992488.3,79
34900.24,20730.33,29113.05,1.08,car,2319886.87,151
252512.56,164873.5,4596122.7,4.58,house,2786655.21,0
385081.18,333105.64,7198676.81,10.08,property,7188679.22,0
24055.34,11087.04,473610.46,13.96,car,1589398.62,47
147143.62,88141.03,1941379.18,11.73,property,7432448.6,54
112866.62,65053.46,1279292.58,9.84,house,11345025.59,109
332755.55,235472.22,7669631.37,12.71,car,2241018.8,0
278445.89,162906.67,4074727.81,4.84,car,467754.27,0
249402.73,208278.26,5212566.62,8.95,property,2651271.28,0
224907.14,109193.87,2142926.8,6.68,car,1590425.58,0
307478.05,182754.93,1258943.21,10.12,car,1634450.33,3
212223.98,83637.67,2298599.34,4.69,house,2536052.43,2
116955.99,43494.73,2094023.96,10.23,car,1443296.54,0
174754.21,139504.05,3479355.3,8.83,house,4708256.84,19
375525.09,228019.48,8708768.23,10.41,property,5702647.47,0
64274.81,27462.82,1203697.58,0.25,car,2376465.5,32
352435.05,135064.56,7485190.49,5.06,house,13441284.62,23
53584.3,46765.23,35069.24,2.16,house,2481172.04,276
377317.51,180249.13,8628074.48,10.75,house,13616163.95,17
155202.23,130437.95,1896232.84,2.57,property,1315802.62,0
258023.75,165435.05,4725252.82,9.02,car,1666593.06,0
393889.55,334347.21,2745260.42,13.48,car,832620.25,0
360616.99,127288.93,4568093.04,6.26,car,1053740.42,0
110221.76,95639.44,2414449.74,10.31,property,1523714.55,0
37525.82,18396.98,337104.29,10.13,car,525444.43,9
160813.87,122968.69,69680.69,11.51,property,3261821.17,62
234495.48,181623.39,4520809.35,4.0,car,2356915.51,0
291568.05,181315.9,1786104.0,11.3,house,11708952.63,59
288341.42,208835.7,4331781.75,10.73,property,6560525.44,18
350440.4,260749.63,6983146.05,8.98,property,6095142.58,0
276845.27,223317.42,5675563.96,1.26,property,2716606.37,0
223400.55,127273.15,2059389.4,13.33,car,623250.07,0
234829.15,123671.48,4352602.48,12.42,property,5140877.16,5
390444.42,182208.93,1641025.36,2.67,car,2146210.03,3
326689.42,158057.81,6119766.6,10.87,house,6956864.34,4
232742.53,212381.61,2278004.4,9.8,property,4047331.62,39
171237.64,72027.69,3138956.94,13.61,car,1712259.1,0
86087.56,41282.78,1160445.79,13.93,car,1443986.31,5
103750.99,78029.87,1499990.6,5.07,car,2276748.18,24
217679.24,162030.74,2931634.11,0.24,house,12678183.69,171
360955.3,334249.06,7686465.66,1.65,car,2284946.72,0
235181.78,143575.87,168991.62,11.26,car,1193708.05,11
309980.0,209763.55,1090724.9,9.25,car,2023921.87,9
165324.88,95388.76,1614595.6,1.02,car,332852.82,0
203133.05,123011.74,3276186.47,9.6,car,1986280.21,0
326748.34,175861.45,2641583.79,12.93,car,854247.19,0
92975.54,47438.75,1208238.95,3.37,house,12971807.77,184
123322.55,109682.63,2529504.18,11.66,car,1352518.12,0
105019.18,37167.13,2147955.83,6.08,house,13749076.78,111
167928.79,159375.52,470673.28,13.72,house,8302640.95,177
48521.56,36439.16,948282.59,4.69,car,405415.53,0
45164.52,30110.62,663449.83,3.91,house,10003137.3,313
47801.86,37889.58,62322.39,5.71,car,2198376.69,146
218286.93,190587.28,4973922.95,8.99,property,1577360.89,0
297391.02,143433.61,1997041.8,0.24,house,7448768.92,36
247557.57,144683.23,345681.46,13.2,car,1897246.66,14
309927.22,185022.72,967186.99,1.92,car,1522021.88,5
54986.42,48028.93,956748.05,11.56,house,13961715.76,227
393153.33,270982.04,8798631.64,0.94,house,1806923.44,0
375898.3,283720.31,2370857.44,13.58,car,745866.17,0
108202.98,98718.45,2477917.24,4.4,property,7479582.84,188
96995.06,87246.24,934207.43,6.54,car,1321361.08,25
97868.48,92746.68,2131899.36,9.49,car,1626439.78,0
20176.49,8425.14,363340.3,3.33,property,7846581.59,349
140747.26,88760.38,1844733.04,13.67,house,3137066.88,17
102936.41,40618.88,1649970.58,4.15,house,9499492.83,98
295874.92,133503.54,4110104.07,0.67,house,5469222.84,9
36340.48,30543.33,376045.22,3.99,car,820316.52,58
97858.32,48936.55,238653.99,6.59,car,2340904.69,38
363916.26,289149.62,4364010.79,7.19,car,465392.84,0
336903.99,247098.01,7100708.23,12.52,property,4521829.97,0
89308.96,64923.99,559642.19,13.03,house,3816864.88,72
227527.53,179912.56,2682854.52,10.24,property,3784482.52,15
307993.81,267939.25,1712165.67,11.52,car,2228614.74,9
342268.91,156187.56,5598410.99,4.46,car,1044636.8,0
237521.64,147212.58,4211460.83,6.9,property,4914586.94,7
293289.51,178089.36,4791731.05,13.92,house,7957336.9,17
43213.8,37446.59,514898.71,12.6,property,6349143.98,179
75686.79,62475.08,663173.02,0.03,property,1577221.08,70
270386.01,122367.02,1452999.54,4.89,property,1694128.62,2
397017.3,300640.67,6284515.36,0.21,house,8777506.09,26
189967.28,78445.2,1207775.25,7.97,property,1046466.31,0
267494.64,244019.38,467066.7,7.99,house,9166204.99,175
388188.28,311706.58,8896261.97,7.81,property,6294281.68,0
122036.64,74195.43,1783574.12,4.04,property,7010582.38,85
382173.02,162853.27,8425411.03,11.91,car,2393079.97,0
282881.44,138012.04,5714865.18,6.06,property,4986671.65,0
282734.44,185026.15,1980504.64,1.82,property,3032907.19,11
299461.39,196842.97,4524377.87,9.06,house,6181521.52,12
257905.02,168804.24,5957172.67,10.52,car,1829616.8,0
187734.11,105912.59,806696.32,12.53,house,7542318.8,56
201488.54,135715.04,4700854.68,2.61,property,3890048.12,0
164570.35,65300.71,2425204.35,10.07,property,7800180.37,39
208061.34,139259.28,1919862.19,2.1,property,4809446.43,39
185856.54,120497.42,3771451.19,11.72,car,1004255.81,0
239185.62,154596.26,4303989.24,11.07,property,2886903.93,0
219266.97,129182.49,980055.91,8.75,car,1111098.02,2
284290.62,250122.38,4527522.19,12.15,house,6642679.08,24
255424.88,194472.19,3489268.25,0.43,car,669423.25,0
361911.37,164866.67,6483767.73,11.93,house,4891277.44,0
375007.73,219718.53,5342464.35,2.75,house,12657323.69,42
252327.22,116427.14,1493523.57,13.32,property,4495273.3,18
238900.22,122209.76,2244049.13,12.13,car,1501600.59,0
362576.8,251467.56,897182.76,5.67,house,2574693.8,15
278601.21,152319.19,3564135.78,4.73,house,3901630.8,3
379109.27,221189.76,8813180.38,2.41,property,2162390.95,0
283947.12,157873.19,4142930.92,9.61,car,791818.04,0
396743.12,258949.77,5331594.58,5.48,house,1846400.15,0
265411.92,175533.09,6091260.65,13.29,property,2932822.64,0
251755.86,202309.19,4670594.38,4.02,house,4526790.56,0
93780.63,68166.95,270038.19,9.46,property,6682464.32,133
48313.66,41039.48,1059669.85,8.39,car,403157.64,0
218186.19,168616.83,3047503.98,3.77,car,489222.38,0
158405.0,92939.14,335339.28,4.11,car,1018889.23,11
144551.13,59892.35,2528832.38,5.13,car,2098585.39,0
200825.14,172212.63,2528106.29,3.33,house,7538912.61,119
140581.69,50557.96,2094456.18,13.34,car,1833677.02,0
264458.58,109872.71,6032110.5,11.09,car,2007934.16,0
87383.41,50661.35,1109864.58,13.97,property,4938011.0,56
199697.33,77100.22,3510687.62,1.84,house,1590808.12,0
157174.9,77173.82,1939874.45,7.81,house,6929613.7,47
358270.4,326421.73,4792854.7,12.78,house,7117121.92,25
383107.5,332698.47,5365654.65,5.82,house,8775351.15,41
126224.47,109506.75,418719.07,9.89,property,3029639.99,89
301504.71,226607.58,3917265.93,4.75,property,3664734.67,0
158209.71,137654.5,2990572.78,11.78,house,3899964.0,17
68980.8,63793.66,1507346.51,13.55,property,3710804.57,67
146272.02,63142.0,2987505.77,12.35,car,643074.91,0
136599.68,100195.73,1922224.17,12.3,car,2408614.91,9
69828.6,61199.4,1479948.61,11.58,house,13224548.79,186
46312.18,16364.03,377829.32,0.47,car,1693519.27,44
181759.48,144115.83,2975017.02,3.97,house,12990148.65,161
219420.92,127229.14,3088218.69,13.93,house,3444977.13,3
385976.21,294969.34,8676619.64,5.92,property,6416207.35,0
293357.1,154188.76,2909723.06,10.46,car,1105847.04,0
215819.33,171198.48,868675.98,5.16,car,2389346.94,30
46445.42,22343.18,906875.39,9.91,car,1921501.59,29
92361.01,35812.92,443734.29,2.0,property,553132.14,2
135850.39,55095.82,1229684.03,0.11,car,1443099.31,3
177839.84,114479.54,870520.47,7.74,house,1827042.74,14
82722.47,52363.03,1029758.4,1.22,house,3888705.69,88
88652.78,49650.22,987793.56,3.64,house,9087557.58,153
120939.52,52173.31,449183.7,8.0,car,1015955.33,8
255072.38,167469.53,4747517.47,9.38,house,6662572.57,15
269917.59,133515.64,662377.41,0.74,car,1880235.99,9
384933.22,283792.86,1621791.35,6.4,car,736306.62,0
319140.43,251157.8,7091006.55,9.18,car,2404720.21,0
371913.11,202876.21,1540111.79,8.07,property,7322311.48,30
101357.43,60527.02,416439.35,1.41,house,12291939.99,248
269753.9,189126.09,4145734.45,3.31,property,1579047.17,0
360748.49,196630.12,3148834.75,13.5,property,6917742.35,18
225262.15,122119.62,5080271.31,3.73,car,1376027.1,0
264950.47,209912.03,5611691.21,3.06,house,5412877.71,0
377921.37,261758.25,2367643.5,3.55,house,9751373.34,56
295511.31,135425.83,3169016.46,11.55,property,3790969.99,4
90982.0,41360.26,152593.13,0.78,car,1766785.15,33
246440.4,198593.35,5386182.51,10.06,car,1378720.49,0
360245.43,196739.42,5010972.69,7.82,property,2322703.97,0
76711.04,64237.25,1385859.76,1.38,house,6861277.77,322
320422.58,278058.52,4214039.99,2.43,car,883685.45,0
230599.81,164636.27,5200820.13,12.39,property,4275955.32,0
348176.75,213440.0,5712304.51,9.71,property,5787146.71,1
161433.3,106320.09,715431.84,8.92,house,13978084.81,131
323502.98,292294.15,6136225.68,11.39,car,744389.43,0
125689.47,66774.05,2782899.62,9.04,property,6913892.2,44
238063.88,98960.42,379426.8,11.69,car,2399007.23,14
351362.51,243251.67,7830077.18,1.31,car,1714405.67,0
83642.43,75789.83,1890641.8,10.49,property,680224.61,0
135060.45,86003.96,2119113.71,10.29,car,424715.01,0
332834.68,298550.27,4605493.51,13.89,car,762917.63,0
245524.29,99623.33,5700570.72,2.03,car,1693239.51,0
298067.06,124990.18,1126010.69,12.13,property,7700854.99,31
175842.37,140954.53,589290.21,1.61,property,5550782.81,128
64054.88,37122.96,160658.15,12.79,car,566104.94,14
294234.86,181806.13,5105558.79,9.26,property,6199639.92,8
374312.92,175466.96,5596493.28,10.22,car,945946.89,0
93128.94,53844.37,465797.96,0.19,car,1301755.15,22
353211.56,295551.72,6583711.57,1.45,house,3877851.73,0
54238.18,19722.39,726860.9,5.53,property,1554584.12,21
148119.14,52618.63,2363709.43,13.75,car,1611911.17,0
162719.24,58622.69,3214960.55,2.71,house,14926655.7,95
152990.63,88474.08,2904284.48,11.35,property,5413672.92,25
326037.62,156097.32,5218823.34,8.35,car,2014281.57,0
241714.37,204030.18,4503794.2,3.2,house,3101779.5,0
124675.54,75343.58,1074252.51,4.57,house,6729478.1,90
309777.41,132646.74,6292264.0,3.63,car,2253825.06,0
315838.0,115403.2,7505068.98,13.02,house,3162023.51,0
253415.44,161574.21,3390871.31,3.89,car,1617946.97,0
43377.05,33890.69,1003565.27,6.04,property,667852.94,0
106716.47,45449.44,720717.27,9.1,car,1053258.71,5
119203.5,103520.27,2368147.29,9.58,property,556831.05,0
286456.38,249180.56,222631.48,0.82,car,1655501.84,38
365032.59,216582.6,4348738.69,12.8,property,3886052.14,0
180811.87,148646.12,2703092.95,5.19,property,5578013.53,58
399255.02,228845.75,4074031.24,2.41,car,852818.68,0
339799.92,146832.81,6606426.55,6.46,car,543232.51,0
230877.73,187355.92,4417664.7,7.2,car,755882.79,0
326316.76,258446.09,3231105.56,3.22,house,6881617.59,45
310108.81,125280.37,1204767.95,7.23,property,598467.61,0
57022.76,44823.19,501221.74,1.5,property,728615.4,18
293521.19,274301.63,4961474.0,6.49,car,1418398.77,0
175263.0,72033.07,226649.04,9.98,house,2576052.3,21
38163.39,33283.72,330758.53,7.43,house,8142447.2,337
95807.92,56562.15,262603.82,2.75,car,1543288.67,32
89055.83,59579.69,1128776.9,4.97,house,10996004.76,191
246540.91,159685.65,1210389.03,7.86,house,4186024.76,29
274999.29,240157.12,1322409.66,5.64,house,13946584.9,191
338565.67,299218.21,3549323.57,2.08,house,9399487.03,117
219354.05,186103.44,3682396.01,6.65,car,426677.95,0
121081.66,72513.68,291081.79,13.51,property,4919856.45,63
306936.5,253855.53,372578.34,8.24,property,4005189.65,55
367293.17,136783.81,6602661.86,3.68,car,1496531.57,0
377761.11,147616.51,6481499.05,10.6,property,5233059.31,0
122431.38,43073.33,732503.58,13.96,car,996665.0,3
85405.82,42985.86,1247982.36,0.53,property,2732216.47,35
335449.76,282793.21,7481289.39,5.53,property,4468909.38,0
207273.28,100363.47,323936.55,6.49,house,10749602.13,78
329192.82,190712.18,4397031.19,4.1,house,13759022.66,56
383071.78,168193.0,4458545.69,13.34,house,7978540.36,13
121146.17,59359.12,506474.59,4.51,car,764057.92,5
281775.99,185755.99,3996542.02,4.05,property,7339772.25,30
398354.82,246040.18,140161.73,9.96,house,3729426.84,22
183699.06,173196.45,2911214.06,0.37,house,2188240.74,0
195081.88,174100.02,3952753.22,1.48,house,2241453.31,0
80176.22,60069.21,52780.47,11.25,property,2446186.11,79
342855.36,305539.61,4490700.3,13.63,car,817463.62,0
280051.54,224196.77,3841606.78,8.34,property,3864351.98,1
75710.24,31584.34,1773457.18,13.48,property,6772102.12,57
211386.82,148517.94,1470068.43,9.26,car,2093701.51,9
343532.22,320276.78,7651774.12,12.52,house,8723903.3,10
81072.2,34224.28,1842225.97,12.37,property,4348590.05,33
372298.87,257873.77,3934635.5,7.1,house,14088844.11,62
224857.91,87026.46,138654.27,7.56,house,7903153.09,49
199844.6,81180.52,4041302.0,11.79,house,9106292.79,28
133831.16,79219.71,2455885.9,9.35,car,1423976.22,0
209880.05,176359.12,1362118.76,2.31,property,3676058.88,61
363448.42,160012.6,6334517.25,5.49,property,7476612.5,5
201311.57,147205.69,1290654.22,8.24,car,1869440.4,9
118287.55,97502.36,2243062.92,5.93,house,7266520.33,117
207855.08,141571.93,1237709.75,6.83,property,7203221.08,68
282553.57,193524.49,2260249.4,5.28,car,2013867.51,0
194891.01,161509.79,3764412.87,9.38,house,3953290.89,3
263199.48,231842.02,5850779.68,9.83,house,12773669.15,67
162999.55,110526.58,2818020.71,13.1,house,1845883.99,0
192162.71,103275.2,298666.64,0.16,property,3035134.34,31
166655.38,74309.03,3733417.55,8.12,car,2116143.57,0
174519.76,117900.63,523800.96,7.04,property,7701155.64,92
315892.8,160963.47,3033560.64,9.75,car,1650976.53,0
354527.02,153324.3,2199754.37,6.71,property,3838807.39,8
238785.09,144452.72,3571684.75,0.89,house,2497016.14,0
399510.1,166902.42,8591637.92,13.92,car,1087043.65,0
307086.6,217974.38,6005606.94,13.98,car,1872416.5,0
61024.98,29170.32,1054093.38,12.52,house,4018834.96,53
114477.64,103145.54,882533.46,7.15,house,5988084.67,176
335422.34,121811.48,1332888.1,12.69,house,11631432.2,38
208324.95,105685.25,3081274.03,6.0,property,736743.5,0
93434.47,48912.13,63359.7,7.94,house,12909227.2,161
198617.56,157742.33,4273816.31,13.04,car,1999279.71,0
68175.37,34443.23,880673.27,10.54,property,813731.76,0
225595.89,201802.71,15439.2,5.61,property,1590951.42,58
123169.46,75836.74,1222923.43,11.87,car,2032009.1,13
339099.16,245347.91,7480121.01,8.77,house,8869852.75,10
254257.9,171126.31,4910836.91,3.49,property,3468706.75,0
255047.14,156651.99,5694548.36,5.34,house,10797303.41,38
349358.25,190887.94,4933096.66,13.7,property,869753.97,0
67164.39,28938.49,965729.6,2.53,property,6357844.99,119
397979.93,198129.49,8870956.62,12.45,car,1072774.29,0
46745.79,18565.74,765994.52,0.87,property,4533631.02,126
313091.11,261275.26,1556500.16,4.4,house,14674167.1,167
266095.03,109100.29,3699373.48,4.59,property,918585.22,0
204493.09,77603.29,2915829.62,9.12,house,12394413.06,53
133511.08,124534.45,801764.23,0.66,house,14981640.15,1099
279315.2,143674.99,6053517.56,12.06,property,3761810.1,0
209051.31,79439.79,3959488.27,3.67,car,2104421.02,0
373929.3,201491.27,7764373.16,6.86,house,6088875.99,0
359136.17,248783.0,6744722.43,4.32,house,14524230.83,53
93069.26,60853.62,1359430.74,5.95,car,2185482.12,21
160421.27,133046.66,3372256.57,10.97,property,1882440.19,0
179118.91,137985.87,232965.22,5.55,house,9649281.25,154
151868.92,137473.48,33372.64,13.05,house,3663565.9,121
90960.46,41381.98,642062.22,13.49,house,7280456.77,76
354914.6,271995.82,4037069.2,5.62,house,9779187.25,51
168254.54,69353.47,714250.66,9.93,car,503060.35,0
366073.19,315215.41,7162900.06,3.52,property,5295634.06,0
397481.93,140578.06,8627939.19,7.52,car,1344087.72,0
216182.74,127039.48,3688771.39,13.88,car,730944.38,0
50070.21,34884.11,1060461.35,5.02,car,2348167.81,59
123814.9,53357.54,2134405.49,11.1,car,1704906.92,0
181495.51,79561.25,483102.09,2.3,car,1463276.15,10
106946.88,86181.35,1228747.23,3.19,house,10901862.96,274
297208.57,258523.61,3796827.16,6.46,house,14644989.33,128
261512.04,149348.87,1661503.8,7.2,house,3226875.48,13
275264.67,211081.12,1536378.04,4.54,house,6387393.91,62
305920.15,281450.88,346172.47,9.46,house,4935273.19,108
268072.08,139698.84,3005993.35,10.36,car,2160121.88,0
49147.44,21328.33,228298.61,13.09,house,5353790.48,97
224161.42,181393.67,3932538.56,6.88,property,6000798.74,30
393649.95,244240.14,8513896.36,5.57,car,834371.65,0
131518.53,96654.21,2342907.46,6.85,car,721581.95,0
336389.53,226503.71,5530913.96,11.48,house,6274007.57,5
24793.92,16754.28,476755.09,0.94,house,14491268.63,1066
334146.6,168061.69,5732016.34,2.72,house,9719890.64,22
321273.94,156693.86,5545342.03,7.04,car,886883.73,0
359641.81,197304.69,1981065.82,4.28,car,2187244.64,2
348024.67,286321.13,6183476.5,7.21,property,7044402.21,9
187405.8,122393.59,2312686.22,0.94,house,6162095.11,57
85454.99,42937.85,1880262.26,13.38,house,5035482.17,40
40325.14,26979.22,793065.67,12.31,property,994680.39,10
249051.61,119660.74,4211423.76,7.73,car,1711931.36,0
267346.16,239598.03,4658412.57,4.49,property,4968173.15,7
75891.75,47348.56,914961.71,9.25,property,6015058.57,97
325483.95,224824.49,3324505.7,8.21,property,6323084.11,23
356223.7,288042.67,5119793.22,4.29,house,7996751.58,32
287169.48,244813.78,721283.31,11.76,property,1531477.19,16
163200.02,60687.15,350717.05,10.2,property,4553352.68,35
386132.62,299748.41,1622030.84,1.85,car,2129611.41,6
266505.04,188002.18,1040866.59,3.3,property,6442615.85,62
77360.19,32308.54,1199524.9,7.7,car,1162173.78,0
330426.33,302743.5,4493120.65,13.77,property,7002005.54,28
371178.43,288410.99,4962321.65,2.97,car,566478.49,0
330161.45,118508.71,1822645.25,12.45,car,438667.68,0
218368.19,136870.01,1988386.1,0.63,car,1417431.01,0
259924.05,195692.61,3481579.21,11.23,house,11150690.4,60
66247.03,44958.19,1300291.17,2.65,house,12257604.4,315
129730.28,116804.15,732400.49,7.74,house,10273321.18,234
263638.25,105727.22,3229050.22,0.66,house,5230908.39,13
317554.58,257174.95,4194246.68,1.94,house,5675955.26,22
349214.74,245575.12,6973601.99,11.06,car,308029.81,0
298667.39,282763.68,3276099.83,10.52,car,307718.28,0
330600.5,171042.32,2613785.56,10.39,house,7406720.81,24
48322.49,17479.56,799097.4,6.1,property,3424505.38,64
122095.57,48141.73,2651877.93,5.5,house,5537726.02,32
52885.86,21375.29,1067097.28,13.9,car,2470919.44,28
20602.55,12736.75,160171.28,5.58,property,2516484.22,177
255073.23,95697.0,3765955.42,5.14,property,6201565.9,14
183360.67,124491.05,1294677.86,1.97,property,5942117.02,72
234548.65,139123.44,2186449.08,6.43,car,1461499.86,0
225175.53,154204.27,2810401.5,8.89,car,1339452.53,0
398102.47,297082.82,4636732.02,8.6,house,1913570.82,0
325083.29,197407.67,2832292.13,11.81,property,3908530.14,7
163280.73,125061.3,927751.53,0.31,car,591942.31,0
354848.22,286859.41,3053171.06,11.89,property,4414824.68,14
232445.77,203066.73,2120688.77,4.24,car,1517251.25,0
22220.86,20357.97,478542.51,5.16,car,2369639.39,262
317906.73,180165.42,3894968.56,13.6,car,1313255.42,0
193628.9,149799.02,3118033.45,1.93,house,6698803.69,70
90253.72,35630.09,1173610.33,11.16,property,4635693.62,44
126525.74,90482.48,1798347.59,13.16,house,5094660.26,46
81833.14,58256.61,937862.66,7.17,car,1288414.02,12
328241.85,288519.62,7195688.53,3.7,property,3248310.12,0
368174.18,152108.02,4891286.19,9.53,house,8062438.64,12
337303.16,182607.93,6310286.12,1.77,property,1561519.54,0
340934.35,194435.31,6795540.64,9.94,car,2363813.26,0
38916.8,28380.89,205067.19,9.86,house,7035118.06,211
381242.87,238511.22,1933103.76,1.9,house,14890372.87,84
211177.5,190424.12,3096841.38,12.42,house,1568267.69,0
53804.57,35624.14,1220700.8,11.44,car,654019.08,0
119490.67,74272.34,258356.42,13.91,car,1156869.36,17
374904.95,339108.12,7151758.5,5.22,house,2389799.65,0
318794.45,291946.44,4908009.55,10.54,car,501227.01,0
238257.16,222731.07,3490477.36,11.81,car,2458320.73,0
269636.16,145331.2,2765843.63,10.47,car,1936509.98,0
106416.85,89407.64,2027739.29,0.75,property,1521232.09,0
36663.06,23003.33,712432.38,8.31,property,610293.78,0
383652.82,193305.55,6451454.2,13.83,car,2229964.43,0
238120.95,127955.49,4065447.55,9.79,car,2083601.97,0
73522.71,50766.86,826380.98,8.3,property,2100039.09,40
345836.04,192550.53,4940015.54,3.91,house,11840879.95,39
177099.45,139841.53,4077549.76,11.1,property,7442715.99,38
391413.6,184477.44,2920145.49,7.54,car,2283732.37,0
295634.09,116016.85,1829267.33,0.64,house,11958223.15,56
272315.38,161202.27,4474266.04,0.96,house,4380032.66,0
355026.49,292684.09,3066943.6,3.58,car,1042269.24,0
368990.57,222282.18,535557.23,12.07,property,3765662.9,20
303226.13,187600.79,4281208.53,3.07,property,7973419.04,29
358578.39,325793.34,4332026.98,7.66,car,999422.88,0
106583.57,96211.12,2040760.67,8.83,house,6979544.6,122
72401.9,27401.2,580360.62,6.24,house,14014661.78,174
287781.41,168664.12,3101033.31,4.7,car,1101288.57,0
170885.04,80930.13,749593.09,11.55,property,755107.28,1
376028.59,335187.37,2928983.97,0.6,property,5748778.8,66
297635.55,223122.33,4286583.47,12.45,car,2392292.38,0
398776.93,250280.31,4857202.44,5.43,property,7897101.62,18
27256.71,14912.7,192932.99,13.19,property,3417988.15,114
280960.29,128198.97,4274052.76,5.69,property,3282117.78,0
108846.98,91490.63,2435126.89,9.78,car,1801693.45,0
399320.14,353710.31,6390988.5,2.55,house,12096603.23,88
362037.17,204336.18,8358531.0,0.15,house,11753878.48,22
285861.7,108760.18,2192039.21,4.72,property,7478760.52,28
364472.13,203453.7,6979912.07,9.61,property,2447222.53,0
260812.28,187936.4,200245.12,3.96,house,2848556.33,35
188318.05,87522.27,583643.45,8.33,car,2347650.72,16
289152.86,203544.04,2541011.53,0.39,car,1766139.55,0
335108.76,126968.25,7902404.87,4.03,property,5165305.24,0
388537.2,316159.25,113808.64,9.66,property,1388881.16,17
125424.98,53385.12,94618.77,3.0,car,1414261.03,18
285517.28,230181.25,441360.37,7.6,property,5100731.93,66
55642.2,26865.66,873281.42,12.33,property,7189301.66,98
384740.85,217572.69,7017351.81,3.41,house,10761333.25,20
149377.69,56378.54,1390726.68,0.47,house,14510680.43,137
236369.9,164647.1,3654044.16,5.57,house,14229211.98,96
365356.63,247894.04,646135.34,5.42,house,7946258.77,54
36753.76,28200.1,213144.66,6.71,house,10874240.61,353
67616.43,59763.32,353451.02,2.71,house,5641216.28,385
285577.93,268994.49,5907268.65,0.29,house,8125482.92,122
163251.24,140206.65,615818.43,4.59,car,653496.25,2
152216.76,54285.45,1801869.96,13.8,house,4943902.27,24
361560.7,166385.51,917796.07,7.52,car,1580648.5,4
258539.81,193102.06,3553467.33,10.91,car,2036409.02,0
136931.8,118255.25,229204.14,10.32,car,1556898.9,52
264397.39,234099.62,5323463.4,0.65,car,312360.92,0
310436.06,209422.75,6806182.74,7.15,car,330677.88,0
356831.41,149865.25,3288781.72,6.22,car,1655785.86,0
22468.19,19947.95,180380.92,13.65,house,6010120.45,243
353053.78,242739.9,6693513.2,7.6,house,13072333.18,38
347067.43,139741.88,4942954.45,8.31,house,5707745.75,4
170191.71,83150.07,3443989.53,5.87,car,2054146.91,0
356202.83,154905.2,3163457.25,7.29,car,862835.92,0
393655.28,347974.29,6565254.09,1.77,house,3046214.92,0
324438.18,277431.06,1757025.63,10.53,car,698051.6,0
183950.65,170055.23,436954.87,11.13,property,5451899.32,139
45659.56,40826.16,574689.08,1.74,property,7323956.17,692
294659.97,224482.95,3999431.99,6.07,car,1406892.36,0
100345.68,57483.73,1325136.34,1.14,property,7105434.19,124
236210.52,148399.26,5514922.61,2.34,property,1206472.81,0
231284.93,87119.07,279451.01,13.89,house,13881766.0,64
201925.08,163428.61,3389260.19,12.01,car,1504475.58,0
162666.33,148931.26,1985259.22,8.15,car,2068152.81,4
124922.17,115786.23,932394.31,0.75,car,2489943.65,153
72478.8,56782.03,829340.82,0.02,car,1512639.65,44
253715.92,170495.26,3807395.47,11.74,car,597594.62,0
379295.46,146216.79,807266.94,3.9,house,10340254.73,39
297834.06,269460.26,6149112.67,10.47,car,1227212.4,0
382324.8,216373.25,5527897.89,2.75,car,1780877.77,0
299573.33,236924.11,917274.41,8.88,car,909396.09,0
291469.77,128118.63,5962599.14,1.83,house,8223364.8,13
343184.86,146304.95,7213557.96,3.41,property,1954724.73,0
361434.24,291165.07,4366167.11,5.85,car,1195747.59,0
170431.7,59946.2,4026392.32,0.8,property,6447853.96,22
107707.47,91218.11,1181123.67,4.98,property,1219653.53,2
224162.25,96213.01,382175.09,0.32,car,2479470.36,17
54070.36,41070.86,1054962.07,13.7,car,1333288.21,11
163685.64,117014.13,3380831.09,2.23,property,7668399.87,76
102904.51,94308.63,72045.42,3.47,property,4559091.89,314
124844.17,90144.14,1174180.52,2.11,car,2063208.57,24
97149.14,40910.4,1135124.49,7.02,house,6979147.87,75
356223.28,331751.95,3570930.72,13.58,house,7716811.78,49
306194.31,270845.66,2815748.52,9.81,car,485047.88,0
214615.1,125813.77,1862878.79,4.24,house,12013839.45,91
317624.58,168436.9,275782.57,13.51,house,14725903.64,65
280245.97,199758.06,1268266.68,3.15,house,6141163.72,55
134874.33,96126.42,541465.93,2.66,car,1147748.75,15
184859.15,157206.81,392461.83,13.56,house,4421968.94,79
176155.55,76181.51,3503728.19,4.81,property,4661039.46,10
141813.34,106941.96,345157.31,7.21,property,5271741.64,99
382884.72,256640.18,4530221.31,13.81,property,5132744.38,4
301164.01,273512.06,1066257.27,3.36,house,13750438.26,276
290262.0,216189.75,3977009.38,5.32,car,742229.03,0
148757.48,73434.6,478325.17,13.52,house,14287668.46,96
390161.16,180252.66,3423741.89,0.81,property,2268876.62,0
113298.58,104182.7,2581477.79,0.49,property,2306642.23,0
49900.52,42448.99,1015981.96,7.41,house,1877857.17,54
392452.38,200247.14,8133815.18,10.9,house,13867857.65,20
234211.88,119714.55,1859596.48,6.35,property,5840797.6,30
293809.76,277420.66,5089342.35,13.2,property,3016276.67,0
95759.97,89079.04,1003379.36,7.9,house,6805870.78,207
373853.46,264235.26,4511272.49,13.47,car,1247997.64,0
364259.01,155132.05,1548099.62,4.0,car,1478070.14,0
365138.32,253264.29,8108638.59,13.12,house,8358615.19,2
329611.06,152022.84,3157154.14,2.0,house,9272173.83,33
170888.46,146373.43,745308.23,11.95,car,329801.73,0
350643.98,180830.72,2016320.64,10.88,property,7904743.48,28
120964.13,70266.08,2708992.3,4.0,property,7652427.08,74
267252.76,187107.06,1589484.97,12.56,house,12523803.22,75
134379.02,72570.17,996381.54,10.06,car,1296171.4,5
176806.71,131662.88,1943025.53,1.46,property,7277501.85,106
31395.32,23149.96,550701.96,6.94,property,6664637.28,245
369505.97,160828.67,1066369.86,5.16,property,3849756.03,13
368137.09,251875.29,2812587.82,2.93,property,2595201.13,0
360579.24,219869.45,7839081.23,11.17,house,5105300.38,0
278505.0,246247.47,3329061.48,1.57,car,1714194.79,0
82168.25,60711.06,1608922.37,0.35,property,3581916.04,89
149746.11,119075.58,530417.15,12.67,house,7615045.7,107
239375.79,141275.52,1860890.94,2.64,house,1545971.5,0
125889.79,48740.4,2499914.24,12.95,property,5751994.71,28
329810.62,276448.19,7380599.79,0.88,house,5894029.24,0
217274.72,204336.03,189636.74,12.89,house,13060520.65,218
87708.93,37435.41,650846.8,4.48,property,6850114.08,98
94049.67,56923.9,1363830.03,3.17,property,5692247.86,94
66898.8,60281.43,1225153.32,7.41,property,5705958.21,176
207863.31,93265.58,175015.89,1.7,house,9902864.03,81
153404.48,67882.22,2855405.18,2.46,property,700917.38,0
265052.63,184309.14,4015023.21,6.78,car,1056732.68,0
293271.87,272688.91,2479312.56,12.51,property,5621641.36,52
365626.95,160515.77,1323068.96,9.71,house,4562332.38,15
254060.47,225141.5,3679139.52,2.44,house,6408472.76,70
199998.94,153218.32,4293106.58,11.64,house,4544274.89,3
106122.13,64319.87,1291996.73,13.61,house,6860796.22,67
364811.24,248340.23,4019764.95,7.16,house,9696312.97,37
319406.63,134941.61,3876316.79,2.22,car,1138492.56,0
57494.71,37074.62,215220.07,1.4,property,6839913.31,273
332978.11,227148.75,7135974.72,7.82,property,5240900.1,0
89496.3,36137.2,1845120.5,9.33,property,3760563.51,26
288831.56,146519.35,5958220.41,10.91,house,4204105.56,0
188194.16,95526.11,655586.9,13.72,car,2460735.05,17
393339.21,171094.94,1523504.91,9.97,car,1696428.96,1
306664.9,161067.2,7338895.47,4.85,property,6935482.52,0
235107.94,183481.28,3752345.57,9.59,car,693004.06,0
384174.64,227821.87,3476260.51,11.49,property,7946770.89,22
148262.86,84947.85,175456.43,5.45,property,6427668.44,81
201939.61,167456.97,323115.17,9.07,property,915664.01,16
170791.5,141037.86,1130419.95,11.59,car,1368247.03,6
139797.02,120793.45,3186626.8,10.81,property,4712634.64,29
76428.92,67493.4,131586.93,10.85,car,1182843.8,74
41786.13,34295.01,665873.89,3.21,property,4051449.4,256
158842.51,61623.67,2784817.55,11.07,car,1095370.67,0
115542.28,45481.24,483280.73,8.77,car,1110232.36,9
182685.24,142901.5,315771.66,7.93,property,3066656.84,55
182740.78,65813.03,4093445.58,1.28,property,3319814.42,0
394211.05,277745.64,4265609.09,6.95,car,432435.87,0
325302.69,272187.94,141781.16,2.36,car,1766659.76,30
47025.85,40918.43,559942.85,1.9,property,1173540.41,83
136842.78,125140.05,1877177.36,10.53,house,13730148.7,177
255715.6,160501.03,3476890.26,6.35,car,1546068.33,0
218823.54,104897.8,866403.03,6.87,house,4622876.75,30
323198.15,304146.91,1437903.03,6.13,house,10611826.13,201
30760.98,28468.87,513427.5,13.49,property,5162280.84,180
266524.37,160504.7,1517470.95,8.92,car,2369550.16,8
280276.36,249464.33,4697097.21,4.32,car,1625759.39,0
259386.8,150272.82,1922160.14,0.43,property,5540851.18,33
318542.33,233224.12,1389015.32,1.75,car,648786.99,0
242715.53,136208.0,137002.11,4.89,house,5175880.48,44
127459.55,93561.72,2445818.95,3.98,car,1864126.18,0
20452.43,12322.98,275500.35,5.54,house,8854199.57,359
309755.81,200674.4,2213469.53,6.27,house,13965322.78,79
356229.14,143708.58,6978235.88,5.4,house,7259510.57,2
396430.93,199864.2,3145687.68,0.32,car,1076607.32,0
285632.01,180563.95,257994.63,10.35,house,9128125.13,63
254254.31,235879.76,2693342.89,1.54,property,4740744.88,89
156075.49,107939.6,1423996.33,4.5,car,1828387.28,8
245554.49,191878.61,1056353.37,4.9,car,1463835.64,7
195815.57,147772.74,2004680.44,3.29,car,2177315.81,4
253350.98,227939.64,3774513.61,7.83,property,6225880.02,43
252455.14,141175.08,1706756.13,9.2,car,956781.63,0
145554.88,73801.44,3147920.89,12.93,property,2160549.86,0
289433.94,237723.31,5499525.84,4.27,car,1170148.24,0
372641.15,262135.52,6734205.42,3.39,property,7585624.91,7
118221.9,82399.67,808890.02,8.05,house,13340491.24,167
120241.85,80020.32,1950866.29,9.2,property,1785030.14,0
105320.93,74355.8,1265125.83,1.8,property,4077710.3,81
375368.12,353970.75,6026981.3,7.46,property,4869776.74,0
374827.86,153625.21,1418588.46,13.54,property,3841572.94,10
43257.5,19639.0,893272.09,10.66,house,5912117.02,100
361710.36,239142.37,1672980.36,8.82,house,6502344.36,32
199594.7,139988.35,4115531.79,1.76,car,322353.41,0
134673.07,92925.9,2741695.62,5.34,car,626439.74,0
252156.6,173973.96,4980358.15,1.98,property,7059812.06,24
60521.71,49462.65,296372.64,12.09,house,13089367.68,232
348441.28,232500.58,4974951.96,2.66,property,3030363.67,0
277465.51,175583.5,15428.16,13.16,car,2329935.33,21
251603.9,230627.46,1576599.11,5.05,house,4053559.7,77
284389.92,167201.16,1510364.85,1.01,property,4630475.5,27
38262.01,18091.13,817505.06,2.67,house,3627212.96,113
274884.43,118595.9,5660257.03,2.73,house,5452193.73,0
120746.79,57324.22,312342.29,4.22,property,3880716.86,51
240189.32,156762.15,3995672.82,11.21,house,12049317.84,53
225303.47,82644.07,2985733.71,12.62,property,2853444.27,0
288981.63,125568.58,5967046.07,5.34,property,7694474.71,9
78136.44,65074.42,168156.96,9.28,house,7415081.36,207
128697.62,81013.83,581683.33,0.53,car,2151239.26,33
42209.23,20557.1,804277.57,11.69,car,659412.95,0
329725.36,235984.83,2218373.14,5.47,car,1286602.5,0
147974.16,129223.52,3275372.1,2.23,car,593648.45,0
397726.19,288019.42,2231464.6,1.91,car,1026415.93,0
237974.42,98684.25,1167471.18,0.14,car,782811.09,0
116382.78,73445.4,189156.87,9.69,property,7256777.73,103
317659.02,180786.12,6219395.8,6.13,house,3416925.11,0
201787.49,144475.14,3636551.57,4.41,property,924991.5,0
125637.72,71879.49,169007.99,13.18,car,2302517.4,33
299192.13,204550.83,1854860.47,6.83,car,363895.45,0
122924.23,110722.76,2337734.91,0.65,property,2720038.33,29
45878.52,42819.49,640311.14,10.38,car,499907.35,0
292725.74,270644.59,4650246.29,1.85,car,2238376.09,0
42226.08,35410.56,731908.75,12.83,house,10417476.97,197
227656.52,179345.17,5236690.66,11.64,house,10169607.03,41
282573.85,153344.06,1766313.35,1.48,property,7517863.93,43
89493.16,45482.73,829746.23,8.96,car,1481010.46,13
369789.31,163613.91,6014001.29,8.8,house,8328154.86,9
373830.93,171187.36,2841036.43,0.56,property,6364558.35,18
150432.0,88231.64,1927129.55,9.98,property,5935303.21,43
76024.49,37893.89,454511.7,2.63,property,6270657.3,129
48997.47,22626.26,152861.22,1.2,car,562296.79,16
193998.05,127671.6,1097437.01,4.85,property,4645991.86,46
326790.12,260010.02,392121.63,12.83,car,1299712.13,13
38803.83,32774.78,271330.05,0.5,property,7493993.01,956
247340.41,138884.87,3489025.08,8.67,house,10875006.52,47
87717.06,47455.25,1864688.33,10.7,house,2877319.44,17
86691.1,77431.59,1966874.92,10.48,car,784686.47,0
192673.33,86342.67,1668011.07,4.05,car,548571.12,0
86936.08,65852.02,1429436.09,3.65,property,3368751.06,69
384083.33,343855.58,6821669.35,0.02,property,6623404.79,0
96895.54,50767.26,702396.33,12.28,car,970413.17,5
339434.77,220448.44,4881509.1,12.91,car,896116.67,0
27907.63,12550.79,576135.04,8.59,house,11840395.68,230
280054.79,110011.93,5149123.6,4.39,property,3861462.83,0
117803.89,90849.71,513604.23,5.98,property,2069023.05,47
380098.89,269353.12,2887526.76,3.26,car,1295171.17,0
209243.09,113272.51,856204.42,12.77,property,1652082.2,8
178977.13,157767.15,1500356.73,1.17,property,1503659.2,1
268565.54,186283.17,5977923.64,2.11,house,3079845.79,0
142580.52,123875.56,3178759.93,5.75,car,633596.48,0
140743.52,113224.01,2368312.95,5.63,house,4798910.64,56
273982.52,229438.01,4246198.29,2.41,property,5920398.99,31
272350.52,251208.82,279401.56,5.28,house,10453811.95,251
256930.9,94098.56,4124192.29,4.75,car,750477.98,0
60648.28,45050.8,1106636.67,0.57,house,9247604.48,454
343633.71,166548.85,7055810.4,0.9,property,1127809.7,0
343191.42,139547.37,6826783.08,10.95,house,11613974.34,17
214317.48,192246.62,579442.76,5.21,car,2213406.44,59
226507.15,152093.05,5389605.05,4.17,car,528758.63,0
241482.67,161431.88,1519276.88,7.52,house,5675602.48,41
136125.99,58553.11,2733911.32,0.01,house,3898428.41,16
372666.09,335153.43,4452566.86,8.94,house,4801451.4,5
139197.78,76054.24,2461291.74,5.43,house,5303881.19,36
350682.19,280321.52,6523284.5,1.66,house,11276976.35,58
102730.38,76544.65,275629.05,1.97,house,12416954.78,341
88037.36,41024.07,36146.91,9.66,car,925508.63,18
252459.01,168930.05,4821993.45,1.58,property,4141981.63,0
214210.36,188073.42,3971386.1,9.8,car,498104.72,0
347826.32,214924.7,6890153.02,5.69,property,4955460.98,0
252927.18,175840.13,3198087.8,9.12,property,5737317.26,24
62139.59,42238.25,85026.44,12.25,house,7032588.08,147
300250.18,239322.1,5089099.1,0.87,house,14139323.64,134
304238.38,204918.19,1412092.92,5.54,car,308467.46,0
260087.16,142003.03,1120208.47,3.42,property,7243583.49,48
228936.66,80390.33,1952068.1,9.65,house,12873092.29,54
254058.89,189525.61,3442326.66,8.56,car,1292424.1,0
222913.11,135824.82,4401026.81,10.59,car,2187148.05,0
87377.95,59721.61,1865418.79,12.35,property,5070603.4,53
166438.52,137105.77,3833699.21,3.0,house,7001372.08,75
303853.85,198536.56,4630730.83,12.37,property,7347882.17,17
305016.16,247300.45,1295951.18,6.37,car,1254917.57,0
135787.06,110827.08,2673.85,1.04,car,1760412.82,69
320618.74,150907.24,1736026.05,8.52,car,1780659.18,1
342676.5,270253.15,1840631.29,12.57,house,11451837.15,72
296762.7,115138.12,3396418.66,9.92,property,7557309.04,19
27518.24,25360.83,318514.95,5.4,property,825865.68,110
307096.71,240767.2,6084360.49,2.34,property,7241404.68,15
224525.98,92116.43,3525179.27,3.73,car,1666573.8,0
197493.78,121805.63,1942161.17,6.45,property,5710951.7,40
153890.45,108654.74,2140512.99,7.47,car,1490239.12,0
133585.26,99714.01,571301.67,9.46,property,6664314.83,104
77256.61,45154.45,683516.04,13.35,house,8707198.83,107
310213.36,222417.19,2634842.09,11.61,car,1012080.12,0
97573.21,70257.16,1389075.47,12.48,car,1055542.9,0
104935.97,53905.32,1095922.64,8.91,house,11465350.52,113
356905.88,248977.17,5206512.53,6.23,property,4063846.38,0
310636.23,185513.02,4400589.63,13.96,car,1981833.65,0
238155.84,139991.42,123423.9,0.05,property,3929632.45,39
280680.63,182110.73,3766621.56,9.6,property,2631699.72,0
124803.85,115089.74,579712.64,8.52,property,6852349.16,204
62766.93,39369.05,435314.18,6.42,property,3075220.12,83
171493.84,119859.61,3327367.07,1.5,house,5455058.49,38
242026.36,88768.64,1684595.0,0.14,property,1749989.68,1
263203.7,219438.75,5532573.0,4.57,car,560188.66,0
357299.3,131786.07,3416966.9,13.46,car,1172756.76,0
130153.63,92551.94,191190.12,11.76,car,895231.07,17
336754.25,190313.82,843566.6,3.1,property,7079448.69,40
237791.07,110328.48,3799285.3,0.58,house,5619137.15,15
329625.34,224355.9,4895761.91,10.32,house,12751002.03,45
302534.88,125125.94,2524106.45,13.78,car,332051.56,0
371672.65,229785.47,3305430.64,0.18,car,768278.94,0
278269.68,217640.92,5074118.16,5.65,property,7164534.02,24
315850.63,177992.75,1541142.03,12.76,house,6729934.65,29
56894.73,28824.89,771947.64,11.56,property,5487248.36,86
360937.01,190038.33,3887945.65,0.73,house,13838738.22,57
366661.15,272127.33,4671141.32,2.27,property,6527344.04,18
31867.4,23219.04,156057.15,5.21,property,1421564.33,107
107751.95,97123.34,783613.84,13.57,car,1623196.56,36
376494.14,220639.42,2478163.48,4.8,house,9041452.25,37
373067.74,313787.32,3350672.77,4.21,car,1131225.57,0
319211.03,135865.03,2479176.28,4.82,property,3771409.69,7
201520.98,108671.36,2057788.18,2.5,car,574745.21,0
23007.47,11309.26,514559.4,9.07,house,7434287.14,196
31171.83,20241.19,359399.0,5.44,property,2664302.77,134
318477.6,182621.19,1703248.77,6.12,car,512055.59,0
333154.0,162931.02,1800824.01,0.09,car,2432788.14,4
129238.55,101735.61,676676.57,2.33,property,922674.51,9
301588.48,176921.41,4765667.65,13.25,car,2344450.58,0
316070.43,155537.35,5907742.71,2.0,house,8177821.97,14
181727.5,93120.8,2802404.03,10.24,property,3098787.88,3
141974.31,107199.7,1888180.53,2.39,property,5514450.4,87
84718.25,72435.7,284537.64,12.03,car,1193376.48,48
391449.38,213972.12,3459567.54,1.18,car,420426.08,0
368170.04,245737.23,5626216.12,5.09,property,1195596.05,0
190330.01,101703.56,2154303.89,10.71,property,2111179.56,0
313503.36,165698.4,6574880.51,10.25,property,2718474.47,0
336641.4,288320.79,962114.3,8.13,property,6543332.4,78
237008.91,111314.38,1646083.51,12.62,car,380623.45,0
107919.84,70830.71,78440.89,2.73,property,2133299.3,52
51595.44,42437.72,852415.44,3.36,property,4408742.29,223
248332.64,114067.1,5580565.46,7.18,property,4512109.2,0
86531.38,77719.48,141878.33,11.12,house,8834618.28,238
94593.72,49297.01,1259652.19,2.58,property,969461.59,0
88984.92,54912.79,652927.73,4.57,property,2095301.7,37
144426.29,70170.34,2815161.24,10.98,car,523359.76,0
234519.52,97191.45,2391287.4,6.7,house,5269420.4,19
164976.05,66414.97,1897320.2,10.39,car,1603477.71,0
171046.39,155529.99,4051487.89,3.14,house,3343448.22,0
249748.46,125916.06,2254153.26,11.11,house,14617528.62,64
149752.92,107186.38,2067005.64,11.06,property,776984.02,0
38325.2,27109.19,312995.17,3.19,car,1468841.77,86
108901.97,98956.41,1852736.72,2.29,property,1137382.86,0
245891.37,183961.83,1714409.99,4.02,property,2711067.85,15
125235.43,114306.11,2333824.39,4.17,property,5113041.19,119
193972.05,111034.89,794648.68,12.75,house,12622450.41,82
358136.52,195956.56,6102463.66,4.88,property,1448138.08,0
216958.84,90406.12,3084299.46,2.51,car,1270436.24,0
241846.66,190738.86,3536007.31,12.56,property,6789437.32,32
331600.64,175597.08,4301108.93,8.95,house,13632634.76,43
195606.4,177168.18,3523791.79,7.41,house,13993447.25,156
328136.37,270366.17,6259306.53,2.89,house,11767417.34,70
80752.87,76468.79,1903266.03,1.47,car,1897462.8,0
262514.22,124944.18,3167669.8,10.53,property,1355577.05,0
51128.09,25434.03,1209982.9,6.88,property,1098397.77,0
379198.8,209293.33,103353.06,11.49,property,6461951.15,32
269542.64,234469.7,5457980.06,8.02,car,2133467.93,0
189212.06,131739.9,1682049.15,2.07,house,13982257.52,175
242376.42,116972.49,4591493.5,1.25,property,2848107.29,0
211745.17,169505.14,3834506.07,6.51,property,589165.5,0
337731.12,182729.47,1025647.78,5.52,property,6083099.04,30
66307.0,32800.66,930143.56,0.15,property,1442376.69,16
237932.0,150988.4,767479.79,12.13,house,3137044.86,23
294932.64,110705.18,418125.83,7.44,property,6482008.23,30
345122.4,269301.53,353818.08,4.59,car,958541.09,8
291560.79,138185.36,487574.52,4.81,property,6463060.75,36
221753.26,104974.66,4031612.66,1.96,house,2564689.58,0
282278.71,185116.74,4061994.08,7.96,car,1077105.68,0
323422.08,124909.55,55222.9,4.67,house,14668274.47,65
391097.43,334361.9,4038019.73,5.13,house,7579897.28,44
113597.9,84107.53,2346771.29,11.49,car,1586522.97,0
235877.93,133092.0,4471418.55,1.62,house,5417393.78,9
169297.21,128209.72,173038.01,1.88,property,7332601.65,154
199183.98,91430.72,134678.82,2.22,property,3663681.57,32
310969.54,179406.47,34972.77,12.8,house,3890703.84,26
51238.59,42750.54,315332.19,11.44,property,3591564.97,139
33285.53,13743.79,798194.47,6.47,house,10067180.94,211
97800.33,65648.27,1920333.61,12.87,house,12681179.07,109
36284.41,20826.63,108365.31,2.64,property,4601472.03,223
71440.19,67016.44,14183.84,2.0,house,4315163.41,577
71041.94,61403.62,1487383.85,3.69,house,10631834.82,356
192249.3,128292.02,2671549.9,8.29,car,2338443.01,0
238630.9,165867.47,257169.28,6.93,house,10884829.08,105
347014.17,258721.75,5053738.11,13.51,car,1553269.17,0
85790.62,57646.89,1767004.5,13.14,property,3907585.61,37
122456.52,66364.16,2824091.28,1.57,property,2278471.14,0
335944.41,183825.68,6035845.5,6.35,house,3164359.35,0
121035.18,56635.7,1864339.23,5.95,property,7698916.54,67
394345.34,324665.19,7169756.23,11.75,house,11971405.46,30
310953.31,115385.1,2276677.33,2.92,property,6200050.14,20
362435.43,237161.17,1787935.38,6.58,property,6105596.7,30
385484.22,186368.83,2165216.37,5.67,house,7568346.19,25
335172.04,136272.86,5771341.7,8.47,property,7348582.35,7
377990.24,211471.92,4650650.5,8.92,house,14585882.45,43
90790.09,38733.76,290325.49,3.7,car,2433754.56,39
371055.29,144968.35,7546217.22,12.07,car,2267765.09,0
252260.98,197897.91,2155920.1,6.47,car,890768.09,0
126209.42,45663.6,2142357.74,6.93,property,6791492.43,45
123402.33,85026.14,472564.88,5.2,car,2148415.13,39
264433.69,101991.63,3063545.84,8.63,car,2400453.29,0
370966.83,161934.08,2466613.49,13.33,car,1592239.76,0
299443.91,190087.49,5349808.38,13.76,property,3551553.79,0
89666.25,51460.95,2134463.78,11.79,car,708148.78,0
25315.74,21503.92,421596.46,9.43,car,1222275.23,81
60995.27,51666.8,75562.45,2.69,house,8598846.27,493
57702.37,33403.3,69603.62,0.17,property,3495172.21,140
283894.26,128292.14,6365477.82,2.12,car,369954.57,0
147384.04,121658.68,1382782.09,11.24,property,1516564.65,4
237071.67,110939.19,5453233.61,8.17,car,1045721.14,0
200802.51,107990.2,288830.28,6.93,car,1033784.38,8
323217.71,300404.39,201663.51,6.46,property,3961093.46,115
92012.49,75194.03,1444997.66,2.4,car,540145.57,0
225403.63,130374.55,223184.48,7.13,car,1741189.15,16
208333.42,96121.44,124758.68,11.53,house,13246873.51,79
289779.18,149988.73,2834128.6,1.57,house,2997951.1,2
83529.87,69717.86,1933375.14,6.64,car,1300533.96,0
136429.44,81071.47,3219463.1,2.03,car,1971067.8,0
131391.59,107992.2,2845599.59,2.57,car,504254.54,0
170978.34,74622.2,743073.43,12.76,house,11696938.97,71
73928.11,58369.27,1661642.25,10.23,property,2536978.84,27
301924.97,186482.92,6105430.55,12.37,house,9829824.97,20
99132.77,45559.33,1526373.71,4.94,car,794228.46,0
69608.99,41444.16,1088482.55,8.44,house,11222701.29,157
29160.45,27189.34,93735.58,13.27,property,3193177.21,229
225218.96,93954.16,200293.79,1.48,property,5505611.28,40
141474.27,128470.6,1974218.66,11.78,car,2071931.03,3
225387.19,133600.97,4097258.13,4.0,property,6517503.1,23
356260.54,179263.02,4753962.8,11.08,property,5558483.84,4
68222.65,42855.11,1635914.64,12.71,property,4441391.72,51
138545.39,70005.7,1699692.05,3.23,property,4681176.83,39
53656.89,36955.27,736456.32,6.87,property,6847780.82,173
69639.21,42640.78,72890.68,5.65,property,5945747.29,149
221052.88,186641.11,4741498.53,13.64,house,9707047.62,44
297537.66,126963.64,1409475.13,4.56,car,912925.48,0
122225.9,74830.09,1317245.22,13.31,property,1682902.52,6
105120.55,97686.27,1034937.26,3.84,car,625675.25,0
345159.53,155633.65,8266192.94,2.79,property,4187509.82,0
376744.16,165402.23,131512.2,12.64,car,2233028.3,10
309317.75,108628.37,153083.93,7.68,house,4857002.09,22
130842.51,101872.71,1266470.03,3.35,car,1646810.15,12
21276.3,14098.86,392225.02,7.95,car,566899.78,17
65262.16,54101.86,36248.15,13.37,car,1145862.81,66
306128.06,222452.65,6027538.83,1.94,house,4220810.62,0
193563.61,164335.79,3127619.88,13.23,property,5950667.67,37
301204.8,217067.92,2806298.02,7.58,property,3026288.03,3
226464.13,193759.8,446771.14,11.96,property,3689430.52,64
399990.48,233236.34,390043.13,0.32,property,6619517.36,38
389527.52,256710.32,6397259.56,3.49,car,2258700.96,0
294744.76,146367.63,3152607.88,13.01,property,7117853.53,20
140969.49,105345.33,1878714.94,5.17,house,5951302.2,79
73778.22,51201.98,1425139.93,2.1,car,716047.66,0
118714.21,101942.11,34298.79,5.08,house,11795628.35,325
125538.95,74905.26,1345208.24,5.25,property,5054071.7,58
115145.49,80510.05,1945646.35,12.09,house,7461826.16,71
292123.33,118980.17,3859789.02,3.74,property,5907633.0,11
327843.06,253686.26,4241566.88,1.28,property,1641556.59,0
72353.65,34982.65,775755.66,12.91,house,14569970.75,136
76730.89,67861.55,259175.6,7.43,property,7154319.28,264
208814.65,159387.45,4534624.82,6.55,house,10101841.99,64
93208.29,50047.61,2127464.21,3.11,house,1734857.41,0
131970.51,58816.91,299946.52,10.8,car,1513653.03,16
146165.91,99300.92,2408645.75,13.14,property,1825170.44,0
259987.73,142062.08,3522069.31,4.02,house,3044700.52,0
32048.72,20151.88,132984.0,0.78,house,7013379.87,489
40437.2,17253.43,235153.27,2.01,car,365174.38,6
294894.39,235143.64,1244084.18,13.77,car,1549156.28,5
396277.97,287811.94,652848.44,1.25,car,1740700.71,10
120506.94,80668.67,1082425.94,6.97,house,7375553.7,101
143538.87,132548.41,2659157.11,10.23,house,5712763.55,68
295654.32,275664.25,2167464.27,2.49,car,2452632.69,12
179205.53,86244.06,2726847.63,5.36,car,535556.04,0
53482.78,26311.32,469729.8,10.07,property,7872766.58,132
386334.77,206873.23,7838061.48,3.63,house,9037512.62,6
180305.18,116243.01,1773477.37,2.37,house,11717641.03,130
304792.24,129759.37,3356474.3,13.34,house,7616353.16,19
21441.47,12547.35,215258.08,11.33,house,14080411.21,273
317605.24,292712.01,6524315.79,3.86,car,2404063.87,0
256132.44,157561.89,6133592.01,11.93,house,8393595.77,14
340837.49,280871.96,2400465.09,6.54,car,1757261.22,0
239708.82,175818.55,2080321.34,0.51,car,2073808.05,0
135257.07,93242.86,3224815.35,13.63,car,817645.66,0
348355.88,291579.8,2571698.5,4.3,house,13362519.32,129
306482.01,207981.83,6969211.7,2.11,house,12173503.73,46
184472.98,92543.95,3268513.49,4.99,house,4966501.77,16
318548.79,114777.95,3055541.08,9.67,house,10178044.24,28
53417.74,22661.67,859701.58,8.57,car,1502744.35,17
50516.98,22129.02,301983.62,12.0,house,4652273.32,88
105631.98,79889.56,2000133.07,7.01,property,6547186.64,93
295125.95,196831.61,1963608.29,11.22,property,673993.28,0
173957.68,87988.18,3231986.85,4.86,car,2096429.08,0
397326.06,182391.3,1535247.54,12.29,house,4146989.83,11
304905.71,121766.24,5314194.67,3.46,car,560620.5,0
172550.46,92585.95,3080954.08,7.39,car,2112350.4,0
111092.64,48366.02,1902430.22,8.99,property,3387879.18,19
395232.63,186384.38,592677.99,9.78,car,1608283.9,5
229288.34,161725.32,3325914.45,13.41,car,496823.98,0
124888.54,114025.12,629008.44,12.87,house,12479433.72,198
111466.71,89187.57,1327921.59,1.38,house,11786022.43,356
230814.84,87098.51,4150318.56,12.38,house,13435432.24,41
79123.47,74583.12,673711.43,10.01,car,1887868.79,84
118180.79,82620.27,808059.8,13.69,house,12589920.69,123
144889.57,82412.48,32776.05,1.69,car,2408049.71,38
149475.92,82603.13,594251.01,1.67,house,13955423.71,175
232082.45,175360.9,4662746.08,7.32,car,1337682.48,0
316168.06,224241.11,426736.56,3.17,car,2380085.5,21
60197.78,22062.14,997249.97,1.55,property,4024862.41,74
337220.03,144285.35,1641338.46,8.34,property,5253074.48,17
165994.97,106016.51,3087083.83,7.5,house,6074448.01,34
106140.31,65641.97,1067920.97,12.09,car,700534.59,0
128982.47,46298.85,2237468.65,7.69,house,7784548.18,49
388706.63,143388.7,1583277.7,3.6,house,4121087.85,11
311852.3,149056.78,2958316.0,2.61,car,1159546.76,0
34459.55,32598.34,498255.96,10.69,property,3143086.81,176
193239.31,113826.93,2189756.0,5.45,house,10710243.51,80
155472.78,95173.97,2574978.23,3.44,house,10909249.68,106
377049.16,345374.44,809382.96,0.77,car,2145205.04,41
359966.67,303837.37,3355423.72,0.06,car,778688.36,0
158311.9,148422.96,3628475.13,9.08,house,13552638.49,147
79485.48,68287.63,1340728.6,9.73,property,4536451.92,97
104409.93,45123.06,1357736.63,4.1,car,784859.43,0
23883.18,21440.52,423357.21,8.41,car,2090904.34,165
140229.27,68316.88,495940.8,5.16,car,1129525.38,9
293484.16,237191.08,5031306.61,13.85,property,2681012.36,0
290907.75,144593.03,4662063.91,13.1,house,4641079.35,0
228981.23,92985.49,1790733.82,11.48,house,13813133.63,59
179832.22,145884.3,670996.16,7.08,property,6404284.98,109
345098.64,146103.61,3913076.11,7.73,house,11550210.0,31
367469.75,153124.74,4815400.02,1.07,house,13752699.53,41
145216.0,59406.17,816265.73,5.21,property,4233129.05,36
57415.7,32575.85,213261.87,11.96,property,842108.37,22
275149.71,195118.22,1061700.29,10.28,car,637718.23,0
318971.8,194916.97,5650744.43,13.87,house,7208495.27,8
195778.87,85126.19,1682616.26,6.18,car,1313523.64,0
43235.53,28104.14,127115.62,5.38,house,11688432.43,327
202660.05,191907.87,3660714.08,6.74,property,959010.74,0
57127.0,30896.0,1341844.81,7.42,car,2255068.0,25
132672.6,52238.19,960700.72,11.85,property,3942640.62,29
88805.8,33736.11,1199139.36,4.65,house,10750891.03,125
173074.12,75893.06,1872807.07,7.77,house,14959927.9,89
190504.05,115667.67,622293.28,6.23,house,10723100.67,100
74650.4,68481.08,1540187.26,9.89,house,4311318.56,97
228426.14,206156.45,2608926.23,9.68,house,9650517.76,105
102797.48,68607.89,1781362.49,11.7,property,890886.67,0
360449.92,276266.69,6897550.37,7.24,property,7952361.14,9
244702.28,119966.16,337891.05,4.68,house,11995180.47,80
118689.13,66241.81,72351.04,7.35,property,6290021.41,89
200220.84,139479.1,3566511.58,13.4,house,9548446.07,46
190761.37,175677.27,3555082.34,4.4,property,5421782.17,60
142234.23,88205.01,2514969.92,7.0,house,8247454.62,69
148820.35,74829.05,1558449.8,1.08,property,6969912.61,70
111671.22,91431.24,695949.28,11.83,house,4335781.53,86
172927.66,147399.39,1890203.04,2.89,car,1853566.43,0
86667.66,63794.24,1002873.73,1.49,car,2139016.55,46
335450.27,248484.55,3945666.08,8.49,house,2939207.38,0
82465.04,67428.58,311944.7,12.36,house,3039270.6,91
121917.85,83086.08,1688682.61,3.26,house,3872239.19,48
59354.84,35903.67,824203.39,2.9,car,711796.99,0
361425.73,288463.42,8629994.73,13.78,property,604356.26,0
398815.89,352668.93,1764853.4,5.57,house,12689140.99,143
43009.01,29152.38,896326.52,6.31,car,2327500.53,65
326364.9,129968.64,7236300.25,6.24,car,2253978.96,0
280395.34,256510.53,1959662.59,2.78,car,1209191.42,0
194358.44,97622.96,1304516.63,8.09,car,2198656.1,9
187416.44,128927.68,3519769.63,6.07,car,2314935.54,0
22025.16,10646.42,297509.71,10.38,house,5011479.05,159
79384.03,44445.25,1388002.9,11.45,property,2937874.92,29
285574.71,137472.89,4144565.93,1.78,property,1685027.6,0
308082.04,141135.28,6367530.7,2.24,property,1384047.08,0
167294.34,93490.27,191751.44,13.65,property,6628281.34,60
42609.88,36144.56,734791.65,6.34,property,2983457.65,146
85225.28,73959.14,1131037.85,4.25,car,1593846.63,29
120614.5,96413.34,1697434.23,0.33,property,504279.05,0
346481.74,211668.96,6786035.01,5.86,house,14915183.66,44
306344.19,262810.39,159546.99,0.62,car,1763236.14,37
370499.1,255283.83,7490644.07,2.4,car,664988.69,0
313225.95,279545.08,5838252.31,13.22,car,1663332.35,0
126207.27,85231.35,2768088.21,8.19,car,2277254.97,0
152428.44,70948.9,754667.03,0.09,car,838292.73,2
45549.55,20150.14,409114.62,9.13,house,6144708.25,123
389901.67,163023.06,8279043.23,3.17,house,5329678.72,0
322561.56,245072.67,258489.85,11.97,property,4282202.31,41
230665.92,158273.1,3848296.99,2.91,car,1961116.63,0
113329.23,99173.08,801128.67,3.45,car,1602610.09,46
70259.83,58815.02,44942.05,7.9,property,4537743.64,192
265141.6,112279.33,5292141.23,11.04,house,2721289.21,0
354287.45,136230.37,6632905.19,10.52,house,5726268.46,0
352335.0,250399.58,1132240.95,0.79,car,833999.1,0
208636.93,97820.0,2409116.19,4.33,house,5251045.05,23
44915.28,16121.55,196461.97,10.85,house,10152382.67,153
235215.74,209580.1,1930074.02,13.8,car,1589105.09,0
88708.36,54804.3,1496667.46,1.4,house,4633608.3,84
172297.26,157909.14,3535419.53,3.84,house,3540454.4,1
344157.87,250455.11,3292697.31,5.36,car,1842682.95,0
358335.37,216948.44,3857714.2,10.73,car,309920.83,0
245374.77,183026.72,5178543.21,12.63,house,13306558.99,53
122783.2,57048.9,2077935.42,0.88,property,2227037.78,3
146108.66,52008.82,329926.73,2.94,car,520808.53,3
263141.96,139388.3,4207263.41,0.69,house,8049045.24,31
244686.28,179263.72,1532294.0,8.48,car,1123595.82,0
301674.62,261244.71,1110105.33,1.31,property,2272002.49,28
331082.63,240686.99,5366763.66,9.81,property,6434126.94,8
244466.29,193512.73,5686054.16,4.24,property,4123268.89,0
35749.99,23081.11,327930.79,8.04,car,2237380.75,93
307870.4,216539.73,7286755.52,6.02,car,1087530.57,0
254654.26,97862.58,2079771.39,10.03,property,2673770.92,4
184650.58,70979.32,2303399.25,8.91,house,11425751.99,57
221553.83,187816.81,2879238.4,13.62,house,10942854.98,77
290028.56,184659.89,2815811.55,2.41,property,4309365.35,14
171201.46,72794.45,2401618.46,2.36,house,13973699.92,102
347660.14,254691.92,2660702.62,5.23,property,3438425.87,8
231070.67,104806.29,4822406.43,0.12,car,1473224.0,0
154014.13,127444.94,3451738.27,5.68,house,7537498.75,79
229938.84,106512.68,4196728.08,12.33,property,595342.81,0
343411.03,155124.34,1339511.08,12.91,car,932441.73,0
237891.12,168049.37,4499345.11,8.48,property,3631290.85,0
84691.56,64888.51,80810.9,5.74,car,877007.64,37
335796.78,186573.62,6762760.1,13.48,house,7309165.75,3
90342.39,57487.43,618029.38,0.55,property,2236994.9,49
48451.05,38392.33,98144.99,3.07,house,11800709.59,533
224722.46,102604.22,864671.45,11.71,car,491055.69,0
244916.77,141903.04,34027.9,0.65,car,2349881.31,23
74555.14,47828.03,66691.42,5.6,house,2997113.28,88
280333.19,168421.71,5655169.94,6.64,house,13249163.3,47
168550.48,81078.37,2126654.99,13.15,car,332395.81,0
143714.48,90226.44,689433.52,5.93,house,12653191.81,145
270433.22,233771.62,4369962.87,2.88,car,2030301.56,0
63573.15,46773.85,1209259.35,3.63,property,1198651.13,0
185403.68,80155.6,890158.51,1.39,house,5226294.1,40
330508.4,138741.65,5940154.41,6.44,house,7843222.85,9
360008.68,239051.28,4117999.22,5.88,car,1228377.65,0
283167.68,233336.81,4107552.17,2.52,car,2101336.8,0
354399.81,296034.13,4026391.3,12.02,car,1425513.52,0
187724.51,178113.63,3766024.57,6.92,property,4734739.5,29
85525.5,65717.79,84519.11,2.36,property,2143945.1,94
136907.93,111292.1,255533.98,6.95,car,891070.12,23
182792.24,100744.97,861480.63,11.53,property,2416463.18,17
236703.59,224503.87,940230.95,12.24,property,3272923.43,73
105649.91,90356.03,346909.02,7.83,car,917922.76,30
197691.98,92661.4,2058559.22,9.89,car,1736241.3,0
392116.08,137996.53,3189348.77,7.01,house,9948589.55,24
138921.87,110463.88,893268.39,1.28,property,2588953.46,56
142089.09,100027.85,54573.95,11.17,property,6357593.97,94
201243.12,79811.32,3245463.75,0.7,house,12926804.61,77
261334.58,207035.4,1841468.12,6.38,property,2464430.23,10
100665.89,38327.29,1758209.83,1.15,house,12883758.17,161
385947.17,216455.24,3849941.43,12.55,house,3273543.66,0
353198.86,283622.58,3425736.47,12.94,car,1109034.6,0
132835.16,101805.41,1656084.26,11.43,property,5066965.75,56
32752.07,12638.57,355932.27,12.94,car,1569102.28,41
61798.69,50442.72,456912.93,0.57,house,10272463.06,712
338298.61,196563.42,2355012.52,3.31,house,11664133.35,59
182793.78,100989.28,160149.19,9.88,house,5104622.36,49
181426.2,118928.07,919935.44,5.55,property,3800237.12,40
100176.33,84193.6,1132400.92,11.08,car,1505586.02,14
71542.94,56585.98,722234.06,12.43,house,13801531.5,190
264101.77,215417.49,3893758.24,10.8,house,8359150.85,44
212685.35,116436.31,2564379.68,4.61,property,6562536.23,36
37742.52,23869.76,185916.19,5.81,house,10676453.73,309
84280.79,55542.92,1249885.41,11.87,house,14830054.17,148
29146.75,24958.38,558792.14,8.93,car,2156453.51,120
261984.24,181450.55,873972.61,1.65,house,2292216.51,18
266206.44,182782.84,4887513.52,10.71,property,6982389.26,16
279461.72,172055.96,2730687.23,2.88,car,1977580.52,0
172843.27,77384.63,3861730.37,9.47,car,1344046.44,0
378532.05,264264.56,1610832.69,11.72,property,1100690.86,0
398174.6,334403.21,8891927.41,6.87,property,1654388.42,0
286922.61,266684.61,5298641.58,10.82,car,1320031.22,0
193865.63,174217.75,28269.35,5.92,house,9745070.47,251
85213.95,59853.2,322589.5,2.89,property,4935188.04,148
281046.03,210481.3,6559453.52,1.22,car,2406810.81,0
134945.02,127353.05,1948079.44,0.27,house,6343699.21,517
234920.7,220129.36,2535120.38,13.91,property,1847241.68,0
254433.49,214160.64,2681866.57,0.03,house,14949161.07,304
221590.74,205005.56,1444174.42,7.86,property,6068743.61,119
125615.71,103232.22,2447163.97,9.76,property,5587209.04,59
301344.73,189710.08,3896584.08,5.8,property,6950242.95,23
22120.55,16157.08,506391.4,3.8,car,1791161.82,137
150621.14,111025.84,2096278.79,10.58,car,526503.53,0
267186.73,134009.81,4952992.94,12.89,property,1564376.53,0
342970.13,225194.64,2704532.71,2.8,house,11958594.05,69
63486.3,24292.37,912796.54,2.19,property,2737578.56,43
189581.28,71804.76,141448.08,8.81,car,1438679.05,11
361336.6,334801.44,568801.53,2.23,car,1463122.7,32
248242.55,148640.55,1035786.53,12.18,house,12744468.31,73
340129.98,185625.73,7726608.0,9.25,car,1306815.21,0
216209.25,161262.41,5012288.25,13.32,car,1711489.06,0
197432.14,101749.82,356619.15,7.56,house,14150299.48,102
280460.73,219191.11,5954012.76,5.39,car,677279.11,0
199454.19,116710.19,74464.97,0.46,car,2149478.22,25
111240.94,46946.81,151693.28,10.6,car,2487383.88,32
180086.11,135696.81,3813632.32,3.93,car,1017339.86,0
246047.6,179154.26,1085840.1,3.54,property,5603501.05,60
352517.08,313738.14,687179.79,0.15,property,2714263.22,52
271531.1,202195.58,1943662.57,9.21,house,4401819.95,27
246734.89,173045.08,5559161.73,2.19,car,1308764.57,0
114484.73,52615.32,2498897.55,7.98,house,12609393.96,94
372201.06,143401.35,5449424.32,9.09,house,1510383.68,0
368950.51,194136.73,3324385.4,1.86,property,2812540.15,0
153733.62,74312.3,2819222.26,3.58,car,1839807.11,0
329757.96,271675.62,6164240.46,3.9,car,2435974.05,0
352007.5,297883.33,2297712.94,12.28,property,4600882.62,27
65165.45,56991.55,891393.81,13.97,car,1439095.68,26
125049.19,97210.75,1233826.95,13.99,car,807806.38,0
34607.34,20485.45,385049.07,10.86,property,3558144.71,108
242416.73,103659.49,3383033.0,7.94,house,14565173.34,58
345021.4,258747.51,1442296.46,10.48,house,4010935.95,24
219285.24,101027.2,5058889.58,7.89,car,324375.2,0
178442.09,70235.32,1943041.27,13.04,property,3561360.67,12
91874.64,51160.54,1345646.36,8.26,property,5429782.14,66
78641.57,70689.96,1138483.01,13.32,property,2359612.57,46
141834.18,96689.44,1625280.98,13.62,property,4360759.11,36
289843.91,179866.67,1302844.16,12.83,house,1666823.61,3
66138.86,33260.18,274079.29,7.33,house,13585372.85,199
328977.42,134021.25,1580213.3,7.39,car,2447306.15,5
247806.42,109742.25,749692.11,0.14,car,2272970.6,12
130045.29,49391.49,3055196.82,9.78,house,3481720.38,4
254437.09,203090.61,411203.59,11.09,property,5390474.42,66
106194.97,39319.05,724447.45,13.1,car,778999.74,1
64919.33,30672.77,1264411.64,6.94,car,2282493.35,23
340574.27,215258.73,271140.84,8.58,house,10199769.58,63
336472.84,195237.24,1290189.47,11.0,property,1515742.4,2
365264.47,200056.78,8500034.37,9.09,car,1440898.44,0
108742.25,92321.14,80852.67,13.05,house,7279446.48,158
378115.57,155550.3,8560027.28,7.82,property,3505090.77,0
367842.01,254190.24,8623084.69,10.88,car,1727877.0,0
345776.47,204484.92,1093001.57,0.06,house,10394903.71,66
113481.86,103398.5,1221709.15,5.72,car,2360184.05,62
183633.1,100984.13,2116739.81,10.61,property,7365139.44,43
263943.01,214518.73,5381739.52,0.09,car,2049885.92,0
136794.38,69023.23,2333672.37,4.45,car,1744626.61,0
203221.51,146564.1,4147768.38,1.36,car,1391641.41,0
208429.87,153283.11,366542.7,13.87,house,2338483.3,29
179236.61,144203.31,3276997.96,2.51,car,622548.06,0
146739.86,106123.47,2943572.55,8.37,car,1599729.85,0
215941.84,100634.45,2382038.05,2.66,property,1878863.69,0
131690.82,124814.44,869354.34,6.28,property,5067002.88,206
316297.68,204337.59,194885.11,10.5,property,3619871.03,27
68894.9,33434.39,1631064.89,12.92,car,1822022.08,4
198765.69,107892.34,3708453.39,8.52,house,10003311.66,46
391433.68,298599.97,8016550.2,13.65,car,1363306.78,0
110779.07,82469.03,2296790.32,8.3,car,889565.99,0
165740.13,154628.97,147333.98,11.4,property,6460893.95,186
213375.72,118762.34,2788952.34,1.11,property,6558203.75,39
141965.16,120826.64,887811.6,10.06,property,3443004.59,68
158983.26,113095.35,446322.58,5.58,property,4189227.0,67
199662.06,75940.87,54186.27,3.44,car,1877013.88,15
141194.62,75829.27,1828446.33,13.79,car,1629255.37,0
319615.6,216558.43,1367016.93,11.26,car,1798139.77,4
243655.21,142829.16,937499.34,13.16,property,799291.85,0
215221.78,193528.1,2809874.39,5.59,house,9982617.44,145
283481.8,102797.6,3026334.08,7.57,car,1161832.71,0
79830.18,61364.56,173473.58,12.62,house,10842664.01,180
289531.71,137234.55,1415627.2,3.31,property,3631427.57,14
96033.27,87344.59,1394175.77,6.56,house,12975056.75,291
211192.27,138190.97,270774.32,10.76,house,8079657.13,74
212123.87,197057.29,2842744.0,13.89,car,1612477.9,0
35589.98,26966.51,100350.49,9.79,car,1489873.06,98
294696.6,225635.45,6264490.01,3.95,car,473493.69,0
95883.02,82813.72,334269.93,5.46,car,511746.72,12
224103.27,152866.87,3016665.98,4.8,house,4753079.14,21
270093.05,112591.81,4253626.94,0.45,house,12282725.23,50
275449.59,122674.04,119585.63,3.16,house,10654627.47,64
200898.54,185064.48,1751956.46,3.9,house,11306528.25,276
384260.39,147564.86,4904600.49,12.48,car,2320774.52,0
360252.0,143364.79,6490718.17,4.05,property,1050715.56,0
254682.91,140935.18,1490694.9,3.81,house,12352737.69,81
399164.83,171386.33,3903306.8,3.47,property,6192080.96,10
162852.23,57269.53,907109.68,0.19,property,3382754.77,24
301147.99,159826.5,937701.67,6.81,property,7304119.73,39
22256.31,19899.58,276122.44,0.68,car,1165415.6,323
35781.38,21021.06,372675.46,0.12,car,584384.54,15
221742.7,162901.64,3443110.71,6.01,car,1672457.48,0
243351.97,86771.87,1263613.51,0.61,car,2474560.56,8
42306.86,33611.44,648913.97,2.0,car,351272.06,0
119671.08,53235.41,574510.19,13.2,house,9173719.94,77
284523.25,162178.49,5855270.68,8.04,car,2432186.78,0
35830.81,25940.38,458731.39,0.6,house,6209027.86,501
329596.47,212852.75,2335724.38,4.5,house,14750012.99,85
244403.62,105640.37,1871287.69,10.46,property,2611369.15,5
128419.05,70325.69,1583544.71,1.74,car,1687367.75,2
65894.73,44730.29,615651.31,8.81,property,2085210.3,48
356799.71,305834.78,6525915.73,5.57,house,3618153.55,0
83792.11,69255.96,746074.28,1.73,property,4212811.73,193
139660.98,83020.18,40462.39,13.57,house,2884410.5,40
179599.65,77896.65,2335201.05,0.43,car,951931.92,0
348203.24,154100.14,3523254.44,12.9,car,588380.02,0
154261.4,146021.23,1354930.21,5.11,car,1123809.42,0
95638.16,33724.0,1012737.1,9.51,property,7633457.7,71
180800.97,151037.15,1371339.43,0.76,property,3800282.82,78
43498.58,18589.95,266900.41,1.05,car,1599607.36,52
136884.48,94491.44,185991.2,5.26,house,11380959.46,174
158839.41,64845.28,3094129.99,9.72,house,9377582.6,45
141340.8,88499.27,1942597.66,10.29,property,7493044.14,62
262145.51,175351.82,2735082.94,10.41,house,12942767.42,69
173753.98,83208.15,1376539.03,12.39,property,2262885.97,9
354820.58,276082.29,4214384.19,8.78,property,3950045.51,0
227836.68,80688.21,3754738.09,0.69,car,2435252.16,0
397651.72,304775.78,8088855.96,11.22,car,1492533.94,0
112857.05,39904.84,1739955.14,7.89,car,356173.56,0
156754.67,100843.62,816430.51,11.9,car,1818447.11,15
249407.67,158981.12,4705628.23,1.87,property,7987186.19,33
173851.55,87872.53,776254.0,7.85,car,1008752.03,3
309972.9,260156.0,6954090.54,12.54,house,6576837.84,0
346597.17,257051.88,2148519.55,6.15,car,1668288.82,0
289461.27,140186.28,3716109.53,4.73,car,402815.01,0
110553.42,50790.07,1526251.83,3.52,car,443569.06,0
254401.99,123835.74,4874604.12,7.23,house,3367051.45,0
385380.4,249258.8,653008.11,8.27,car,2256807.58,12
23455.26,17675.9,186553.44,4.5,car,1022162.5,106
122117.02,67806.44,2628053.54,0.81,house,5868700.65,57
235989.72,168876.86,393291.29,7.72,car,573497.63,3
21436.47,18208.2,405716.4,13.79,car,1781556.19,97
90035.92,72480.79,2145509.64,10.15,car,2309944.11,5
207249.99,130663.59,1086042.66,13.15,house,13470487.85,86
212368.17,196664.46,4867180.95,5.63,house,11356528.96,125
30745.32,25567.59,2544.98,7.82,car,823688.45,110
323076.77,178026.56,2428440.96,8.73,house,3326172.62,6
129312.3,101737.19,116671.44,6.62,property,2731333.8,76
40385.38,35889.85,261938.28,9.46,house,7888778.24,296
308272.09,201549.44,3166775.36,5.88,house,9183857.83,45
20919.74,18944.24,416925.21,0.19,car,839242.58,204
173838.43,144791.79,2763445.8,5.0,house,13421015.4,178
322276.14,295694.34,5637990.38,3.96,house,5108088.19,0
246104.79,181480.95,1233668.85,7.32,car,2458068.4,17
285613.47,197770.12,3320463.99,8.04,property,5810505.98,22
340003.15,241026.24,631482.18,8.38,property,4295645.75,32
33065.05,26255.49,705272.72,11.39,car,2206905.9,77
246941.85,205026.29,1229990.55,11.53,house,5504084.52,60
68472.41,54584.9,1602845.55,3.6,house,2869295.14,62
58320.83,45557.94,819837.67,13.08,property,6541861.86,125
48359.34,42082.99,121087.21,8.62,property,7495892.19,298
106631.8,38362.94,1790910.79,2.55,house,7398654.66,73
285624.48,257497.26,1119755.75,12.73,property,7791267.95,97
287215.63,152945.62,3430786.36,2.42,property,1712115.53,0
171122.84,107235.34,2069966.38,6.88,property,6307634.32,49
220015.09,197000.64,679940.96,6.3,property,4595271.64,110
203569.97,111535.31,2670783.66,11.87,car,1153452.25,0
38800.84,29819.11,919533.02,2.8,property,2415633.71,118
264124.85,155962.67,2963725.7,13.71,property,4523601.13,11
350539.36,179690.39,206129.08,9.51,property,3712860.08,19
188652.66,96515.4,3509140.3,5.42,property,4561824.75,10
389004.78,336018.29,8011133.91,6.23,car,1168937.23,0
65345.48,55781.93,93084.33,12.32,house,2629599.22,122
172294.91,61069.14,1731335.03,4.99,house,11388141.14,71
280065.85,166306.25,1867141.14,6.99,property,7602664.51,41
142540.01,114169.52,1226325.01,6.91,car,2480635.71,33
85416.2,53996.38,562921.12,0.1,house,8570961.09,252
148279.82,121906.46,1476599.81,7.43,car,940574.31,0
41846.14,16436.1,384262.56,3.57,car,638593.75,10
358874.16,311124.13,2239479.04,10.78,property,5087167.58,36
374522.28,132192.49,7205887.97,11.66,car,1464424.07,0
366616.75,347870.51,149479.01,10.86,house,12577860.2,210
349559.93,275493.03,3797355.9,13.42,house,4118809.18,3
355120.82,187851.61,7982631.24,2.15,car,1427927.99,0
176260.65,80024.99,3372840.37,4.66,car,1489226.16,0
299636.1,145024.86,7069872.59,10.88,house,11580552.35,19
100784.64,75667.5,29306.54,10.78,property,996601.6,33
250812.77,177531.79,5224971.09,12.87,property,7082299.03,14
71273.2,36608.88,1693507.02,7.77,car,761438.82,0
167911.43,86001.06,53123.88,4.45,car,1320885.13,16
154496.24,125457.81,2787577.22,6.89,property,7802620.15,87
25381.08,13784.99,389987.23,13.35,property,2384110.83,79
27158.64,14993.45,539948.74,10.66,car,608782.81,5
393384.59,137941.82,6771505.83,3.51,car,1731481.95,0
327322.03,123261.96,1832492.37,1.26,property,5003484.59,16
309828.4,170180.72,2084773.34,11.78,car,1331016.43,0
340865.93,150710.09,1859963.61,7.89,house,10477336.59,38
199042.7,133269.88,2198749.19,8.54,car,1743873.25,0
45343.6,40338.23,802923.55,13.91,property,4420106.24,119
80407.42,28320.79,1007309.94,10.13,property,2900000.05,28
263727.37,230570.29,4407399.39,11.28,house,2931286.1,0
179708.16,89281.81,3305708.94,2.36,house,1920227.63,0
264273.51,207069.65,2389522.24,8.72,house,3737575.72,18
179596.2,114643.32,4000362.23,2.94,house,4098342.34,2
20945.38,12393.65,423980.25,2.99,property,7360686.47,414
52851.67,21424.15,1029927.23,12.93,car,1331225.88,7
210248.04,110788.23,740147.5,5.34,house,12592981.1,94
233988.04,140063.29,3081675.11,11.7,house,14025989.21,64
109515.29,68567.63,379567.0,9.15,car,1290681.94,20
210983.03,147173.93,4965845.13,12.37,car,1337357.96,0
334459.32,128421.81,5686579.82,11.15,house,5770838.51,1
123638.43,102579.34,1608742.25,8.93,car,1776417.4,6
229831.91,192128.41,5430086.2,8.13,property,2446175.66,0
258305.56,159400.88,3077346.54,4.39,property,4436234.88,13
395756.51,347124.61,5173133.42,8.74,car,2154584.42,0
304599.85,191185.55,484744.42,8.16,house,8170518.8,55
42069.69,29390.67,373168.82,13.83,property,5203906.37,127
83706.34,70820.97,422076.6,3.69,property,3824704.04,180
98037.95,35657.63,366006.09,0.24,house,6881014.68,104
77356.32,54629.55,1264792.06,2.53,property,6397634.51,169
248998.35,181574.8,1994414.86,1.24,property,1248262.12,0
372791.36,275203.69,4831558.47,9.01,property,6381034.89,12
57350.75,46466.13,1122440.49,0.37,house,1595078.33,42
172680.19,134545.7,3521887.27,8.34,car,403565.7,0
242731.83,116916.07,4540070.28,8.25,car,1152768.91,0
250544.25,122411.07,1652996.47,9.89,property,7472727.04,36
185930.38,98965.7,4025556.93,12.9,car,1870465.86,0
36810.71,23724.43,406603.78,8.6,property,6372054.46,183
348711.88,330553.13,1598569.89,4.96,house,1679141.03,4
204998.59,100792.76,499678.22,2.39,property,7240984.52,61
102847.76,55922.72,839888.39,0.6,house,7439706.94,135
363925.95,205431.05,5622284.35,7.35,property,5026280.78,0
353326.16,170863.66,2322187.76,11.51,house,2103618.46,0
159704.91,104680.26,801986.59,13.61,house,2362533.88,22
357350.29,328971.07,5586677.56,9.82,car,2359659.81,0
391555.22,323411.8,7995542.86,2.78,property,7928601.3,0
63255.72,45966.1,597453.73,13.08,property,5013053.66,103
302588.74,211711.54,3180163.5,12.22,property,3848065.14,6
40305.99,35448.64,224540.57,13.63,property,2502572.03,134
182013.64,95585.1,1799810.76,6.62,house,1833986.31,1
309287.38,151285.3,5731598.68,10.16,house,14376014.38,36
329473.34,128440.63,1723244.55,1.89,house,7976838.76,31
308185.35,201435.85,1540773.58,1.67,property,7586774.66,54
159099.56,123119.37,611579.85,12.74,property,1604766.06,21
186889.25,77124.78,1764994.71,7.83,property,2062829.8,3
34343.43,23661.28,73133.56,7.83,property,5464165.97,219
264162.53,250309.28,1437690.71,2.45,car,1127013.58,0
397212.79,227884.54,5243115.46,8.78,house,8756846.2,17
241569.62,200082.01,138946.93,6.53,car,959760.44,19
321989.48,276246.18,5479119.69,5.44,property,1417487.89,0
302343.98,209639.61,3952985.56,9.1,property,4152921.26,2
301475.0,272536.16,4411852.79,5.95,house,1539654.72,0
24988.61,11168.34,99305.64,7.19,car,1189876.88,63
229688.33,169353.4,5197159.3,12.48,car,801438.48,0
310019.12,264342.85,4967594.99,5.41,car,1851513.48,0
116955.31,80403.45,1947993.1,11.35,house,1848711.12,0
398565.05,280946.43,6877309.06,1.76,house,5396309.55,0
262030.33,129657.43,1265810.22,13.08,car,1234455.23,0
344041.68,192225.9,7702324.41,0.41,property,5343572.35,0
166098.91,139772.57,464711.78,12.47,house,6591006.33,108
194678.28,138196.26,1764037.2,5.82,house,14359377.75,137
20568.35,19507.62,368554.65,12.81,house,3847597.08,201
381049.36,140699.8,7256098.75,11.74,car,1796108.62,0
391962.37,200370.74,5534976.79,0.55,car,1895435.66,0
389340.72,265622.27,8326627.17,6.84,property,6052770.46,0
55639.19,48325.23,820257.24,4.58,property,2783218.15,142
329415.94,139072.35,2322506.38,8.63,car,839689.11,0
346171.8,134176.28,2526047.04,5.54,house,7362793.47,21
136724.56,119105.17,1236736.44,0.74,property,3377975.75,113
206054.18,87973.68,1078991.74,7.95,house,11423365.4,67
264281.43,234200.05,4019439.36,4.98,car,1706589.32,0
204667.69,125502.84,4179189.09,3.68,car,956987.24,0
37092.85,17797.12,764096.49,11.1,property,2925322.79,62
389665.04,310084.01,3128441.88,0.89,property,7840773.02,57
336062.52,275261.16,2186445.78,4.04,property,2418634.9,4
228744.07,146091.22,991292.28,12.75,car,1559858.41,6
134262.22,107814.84,3082774.7,0.93,house,5225909.92,73
297861.73,228595.15,2672115.4,6.75,property,6720939.64,43
76550.42,31054.75,478987.07,10.94,house,8600772.34,101
197291.55,166581.09,1011661.82,1.88,property,560579.22,0
25306.32,13749.9,148108.93,6.94,house,7236499.37,254
215256.46,82025.74,2729468.15,5.24,car,431503.99,0
294772.93,197954.21,6827147.69,1.2,car,1581053.62,0
143337.54,130865.92,860612.24,6.06,property,3594145.98,119
259896.79,238370.35,92203.95,11.18,car,1507343.84,50
56980.77,40973.94,554385.23,7.34,house,5566096.04,156
145654.02,90667.43,184849.07,8.99,property,6783894.31,85
74259.4,45052.31,1030458.02,2.77,property,1040764.99,1
377984.97,172937.01,6740645.04,0.17,car,416146.43,0
94190.32,43422.84,1135262.71,12.24,property,5685368.5,55
147352.14,113052.21,2388095.29,12.82,car,670039.29,0
301542.17,122879.21,5704656.81,0.38,house,7985394.82,13
59176.78,23388.6,454134.7,8.24,car,342005.29,0
393579.49,232635.87,8433650.86,2.88,property,4394800.91,0
68915.5,59386.44,459598.03,0.44,house,4633446.98,400
391379.72,167625.98,6244910.16,0.66,house,3387815.01,0
30461.89,28223.8,540389.25,10.61,car,550517.94,2
98939.13,66339.78,496458.91,8.06,car,801214.83,9
86237.54,39576.24,784069.86,13.62,car,648312.5,0
298516.21,150003.74,5963664.97,5.76,house,5998963.64,1
102299.77,47201.35,981409.49,10.82,house,9727060.73,90
182714.78,64495.74,1156404.25,7.17,house,4109910.13,23
86069.7,32939.33,1673690.42,13.31,car,1261983.9,0
192450.49,144725.18,2887230.14,12.14,car,908801.41,0
237682.4,174027.66,2056560.42,8.71,car,1083665.04,0
337238.89,136672.5,5571385.04,13.96,house,6507505.21,4
146355.94,125608.17,939644.01,10.7,house,14465955.94,185
160498.14,79891.63,2463637.13,0.85,house,7122603.01,56
59986.03,38009.52,1429038.7,3.07,house,12961446.24,300
285228.29,127084.14,6011404.94,10.88,house,13971353.27,33
169646.54,132630.94,2715389.74,4.73,property,4854201.65,42
281971.91,255342.49,861357.51,8.87,property,4635832.07,84
148851.88,74411.8,1034709.1,12.28,property,6162336.63,48
167537.76,151498.93,606089.48,1.45,house,2604248.9,112
263562.38,228784.47,4414198.48,5.86,car,1938882.66,0
227879.87,110467.8,1484610.63,13.16,house,7046127.89,35
144838.97,115791.48,856349.46,8.09,house,12094695.41,173
169452.62,114048.39,1203934.2,6.59,property,2272731.65,17
251199.04,221972.36,3293997.06,9.2,house,2798450.35,0
346968.77,261713.86,4164400.22,1.42,property,5418340.14,14
283962.52,114445.61,1668630.49,6.96,car,1342764.37,0
164225.04,103941.02,654454.55,11.62,car,2374566.67,24
124070.48,89098.33,2425384.04,13.42,property,643242.4,0
360570.22,209836.91,2380615.8,2.91,car,2454266.78,1
392037.38,230886.16,1848465.46,10.75,house,6857617.81,26
142859.6,73827.37,494236.51,8.09,property,1733358.35,17
340130.23,179562.45,6127671.61,2.87,car,1615265.42,0
194803.6,155615.11,2735413.55,11.29,property,7244587.14,54
24312.3,14277.32,334142.88,7.08,property,1099428.9,55
273752.44,125628.62,2717451.38,12.75,property,2690987.28,0
194862.54,140740.08,2111520.36,9.41,house,10706028.51,86
229267.49,110293.82,1214239.0,1.55,car,2403051.63,10
60825.75,34058.93,1128960.93,0.39,house,11976953.91,377
113821.44,80924.67,1997925.7,0.47,car,728312.32,0
108017.05,100805.58,558519.44,12.85,house,12748615.26,225
269580.76,127530.86,4436120.46,7.47,car,919183.06,0
333699.34,226013.62,5536915.71,1.24,car,2401029.5,0
348690.59,225314.89,1811881.01,1.03,house,13767581.17,92
54633.54,32248.76,1278843.89,8.1,property,4927361.53,87
269923.88,219446.88,308106.1,4.36,car,2265990.5,36
34687.95,23163.99,691644.81,5.84,house,13998699.77,346
173595.37,117450.24,137405.79,13.51,property,5016663.01,60
113650.17,49622.81,2604242.91,10.78,house,8276245.77,52
302232.84,165465.22,4014986.0,12.43,car,760965.72,0
95043.07,57527.7,1586137.24,7.92,property,1221262.74,0
338186.7,306696.65,809126.59,12.89,house,2293269.19,32
